TYPE__C,TYPE_VALUE__C,ID,territory
Postal_Codes__c,72250,a1u7x000003J2hEAAS,EMEA_ESMB_FRCEN_FR_1_03_GRB_07A
Postal_Codes__c,85033,a1u7x000003J2pnAAC,EMEA_ESMB_SOUTH_IT_01_GRB_05A
Postal_Codes__c,67380,a1u7x000003J4dbAAC,EMEA_ESMB_FRCEN_FR_1_01_GRB_TempCoverage_06A
Postal_Codes__c,45211,a1u7x000003J68PAAS,EMEA_ESMB_SOUTH_IB_03_ES_RET_TTH_GRB_3A
Postal_Codes__c,25089,a1u7x000003J37HAAS,EMEA_ESMB_SOUTH_IT_01_SB_TempCoverage_02A
Postal_Codes__c,NR27,a1u7x000003J2PpAAK,EMEA_ESMB_UKI_UK_GRB_FINS_07
Postal_Codes__c,SK2,a1u7x000003J4BGAA0,EMEA_ESMB_UKI_UK_GRB1_02_01
Postal_Codes__c,28231,a1u7x000003J46hAAC,EMEA_ESMB_SOUTH_IB_02_ES_SB_3A
Postal_Codes__c,57655,a1u7x000003J4dbAAC,EMEA_ESMB_FRCEN_FR_1_01_GRB_TempCoverage_06A
Postal_Codes__c,23320,a1u7x000003J7fbAAC,EMEA_ESMB_FRCEN_FR_1_03_SB_TempCoverage_04A
Postal_Codes__c,76330,a1u7x000003J3KSAA0,EMEA_ESMB_FRCEN_FR_1_04_SB_04A
Postal_Codes__c,SW95,a1u7x000003J2PpAAK,EMEA_ESMB_UKI_UK_GRB_FINS_07
Postal_Codes__c,64530,a1u7x000003J6V3AAK,EMEA_ESMB_FRCEN_FR_1_02_GRB_TempCoverage_08A
Postal_Codes__c,28680,a1u7x000003J68PAAS,EMEA_ESMB_SOUTH_IB_03_ES_RET_TTH_GRB_3A
Postal_Codes__c,57000,a1u7x000003J8LGAA0,EMEA_ESMB_FRCEN_FR_1_02_SB_04A
Postal_Codes__c,51370,a1u7x000003J6V4AAK,EMEA_ESMB_FRCEN_FR_1_02_GRB_06A
Postal_Codes__c,88340,a1u7x000003J4KsAAK,EMEA_ESMB_FRCEN_FR_2_06_SB_04A
Postal_Codes__c,H53,a1u7x000003J8JZAA0,EMEA_ESMB_UKI_IRELAND_GRB_03
Postal_Codes__c,311,a1u7x000003J871AAC,EMEA_ESMB_FRCEN_CEN_CHAT_01_CH_GRB_RCG_07A
Postal_Codes__c,62440,a1u7x000003J3FBAA0,EMEA_ESMB_FRCEN_FR_2_05_GRB_07A
Postal_Codes__c,72270,a1u7x000003J2M9AAK,EMEA_FRANCE_MMR_CATCHALL_GB_RG
Postal_Codes__c,44980,a1u7x000003J7fbAAC,EMEA_ESMB_FRCEN_FR_1_03_SB_TempCoverage_04A
Postal_Codes__c,AL5,a1u7x000003J2axAAC,EMEA_ESMB_UKI_UK_SB_FINS_07
Postal_Codes__c,24580,a1u7x000003J2kNAAS,EMEA_ESMB_FRCEN_FR_1_03_GRB_05A
Postal_Codes__c,90360,a1u7x000003IzrOAAS,EMEA_ESMB_FRCEN_FR_1_04_GRB_06A
Postal_Codes__c,667,a1u7x000003IymgAAC,EMEA_ESMB_NORTH_NOR_NO_GRB_02B
Postal_Codes__c,14400,a1u7x000003J1raAAC,EMEA_ESMB_SOUTH_IB_03_ES_RET_TTH_SB_1B
Postal_Codes__c,59216,a1u7x000003J4dbAAC,EMEA_ESMB_FRCEN_FR_1_01_GRB_TempCoverage_06A
Postal_Codes__c,CA12,a1u7x000003J2uEAAS,NP_EMEA_NGO_UKI_MM_02
Postal_Codes__c,12194,a1u7x000003J0EBAA0,EMEA_ESMB_SOUTH_IB_01_ES_GRB_TempCoverage_7B
Postal_Codes__c,43121,a1u7x000003J3QPAA0,EMEA_ESMB_SOUTH_IT_02_GRB_04
Postal_Codes__c,62240,a1u7x000003IzrOAAS,EMEA_ESMB_FRCEN_FR_1_04_GRB_06A
Postal_Codes__c,83680,a1u7x000003J5vJAAS,EMEA_ESMB_FRCEN_FR_2_05_SB_01A
Postal_Codes__c,IG1,a1u7x000003J68FAAS,EMEA_ESMB_UKI_UK_SB_FINS_08
Postal_Codes__c,80034,a1u7x000003J392AAC,EMEA_ESMB_SOUTH_IT_03_SB_04
Postal_Codes__c,44470,a1u7x000003J3KSAA0,EMEA_ESMB_FRCEN_FR_1_04_SB_04A
Postal_Codes__c,58330,a1u7x000003J38lAAC,EMEA_ESMB_FRCEN_FR_2_06_SB_01A
Postal_Codes__c,968,a1u7x000003IymgAAC,EMEA_ESMB_NORTH_NOR_NO_GRB_02B
Postal_Codes__c,62027,a1u7x000003J3s3AAC,EMEA_ESMB_SOUTH_IT_02_GRB_06A
Postal_Codes__c,4672,a1u7x000003J4ZjAAK,EMEA_ESMB_SOUTH_IL_03_SB_TempCoverage_03B
Postal_Codes__c,37058,a1u7x000003J3QQAA0,EMEA_ESMB_SOUTH_IT_02_SB_TempCoverage_01A
Postal_Codes__c,95220,a1u7x000003J6hhAAC,EMEA_ESMB_FRCEN_FR_1_02_SB_05B
Postal_Codes__c,91440,a1u7x000003J2mwAAC,EMEA_FRANCE_IND_CATCHALL_GB_ID
Postal_Codes__c,9950,a1u7x000003J5XJAA0,EMEA_ESMB_SOUTH_IB_03_PT_GRB_7B
Postal_Codes__c,36030,a1u7x000003J37GAAS,EMEA_ESMB_SOUTH_IT_01_SB_01A
Postal_Codes__c,328,a1u7x000003J1a8AAC,EMEA_ESMB_NORTH_NL_02_GRB_TempCoverage_03B
Postal_Codes__c,PR3,a1u7x000003J6XrAAK,EMEA_ESMB_UKI_UK_GRB1_03_07
Postal_Codes__c,777,a1u7x000003J3tlAAC,EMEA_ESMB_NORTH_NOR_SE_SB_09B
Postal_Codes__c,87076,a1u7x000003J61hAAC,EMEA_ESMB_SOUTH_IT_01_SB_03A
Postal_Codes__c,42152,a1u7x000003J3F9AAK,EMEA_ESMB_FRCEN_FR_2_05_GRB_LOA_TempCoverage_06A
Postal_Codes__c,63117,a1u7x000003J7KvAAK,EMEA_ESMB_FRCEN_FR_1_02_SB_01
Postal_Codes__c,83025,a1u7x000003J2j9AAC,EMEA_ESMB_SOUTH_IT_03_GRB_05A
Postal_Codes__c,62500,a1u7x000003J3FBAA0,EMEA_ESMB_FRCEN_FR_2_05_GRB_07A
Postal_Codes__c,14690,a1u7x000003J2kNAAS,EMEA_ESMB_FRCEN_FR_1_03_GRB_05A
Postal_Codes__c,3508,a1u7x000003J47vAAC,EMEA_ESMB_SOUTH_IL_01_GRB_05C
Postal_Codes__c,24630,a1u7x000003IzrOAAS,EMEA_ESMB_FRCEN_FR_1_04_GRB_06A
Postal_Codes__c,45790,a1u7x000003J5onAAC,EMEA_ESMB_SOUTH_IB_02_ES_GRB_6B
Postal_Codes__c,73550,a1u7x000003J4ntAAC,EMEA_ESMB_FRCEN_FR_1_03_GRB_06A
Postal_Codes__c,57150,a1u7x000003J8LGAA0,EMEA_ESMB_FRCEN_FR_1_02_SB_04A
Postal_Codes__c,970,a1u7x000003J3tlAAC,EMEA_ESMB_NORTH_NOR_SE_SB_09B
Postal_Codes__c,50067,a1u7x000003J5WxAAK,EMEA_ESMB_SOUTH_IT_03_SB_03A
Postal_Codes__c,28845,a1u7x000003J2ZUAA0,EMEA_ESMB_SOUTH_IT_03_SB_02A
Postal_Codes__c,65190,a1u7x000003J6XuAAK,EMEA_ESMB_FRCEN_FR_1_01_SB_03A
Postal_Codes__c,59127,a1u7x000003J4dbAAC,EMEA_ESMB_FRCEN_FR_1_01_GRB_TempCoverage_06A
Postal_Codes__c,49125,a1u7x000003J3KSAA0,EMEA_ESMB_FRCEN_FR_1_04_SB_04A
Postal_Codes__c,38370,a1u7x000003J4EUAA0,EMEA_ESMB_FRCEN_FR_2_06_SB_03A
Postal_Codes__c,844,a1u7x000003J872AAC,EMEA_ESMB_FRCEN_CEN_CHAT_01_CH_GRB_TempCoverage_04A
Postal_Codes__c,239,a1u7x000003J1QBAA0,EMEA_ESMB_NORTH_NOR_NO_SB_03A
Postal_Codes__c,EX12,a1u7x000003J1eyAAC,EMEA_ESMB_UKI_UK_GRB1_04_04
Postal_Codes__c,36073,a1u7x000003J37GAAS,EMEA_ESMB_SOUTH_IT_01_SB_01A
Postal_Codes__c,59263,a1u7x000003J2M9AAK,EMEA_FRANCE_MMR_CATCHALL_GB_RG
Postal_Codes__c,69660,a1u7x000003J86oAAC,EMEA_ESMB_FRCEN_FR_1_01_GRB_05A
Postal_Codes__c,10062,a1u7x000003J37HAAS,EMEA_ESMB_SOUTH_IT_01_SB_TempCoverage_02A
Postal_Codes__c,G3,a1u7x000003J5BzAAK,EMEA_ESMB_UKI_UK_SB_FINS_01
Postal_Codes__c,38290,a1u7x000003J5onAAC,EMEA_ESMB_SOUTH_IB_02_ES_GRB_6B
Postal_Codes__c,42990,a1u7x000003J4ntAAC,EMEA_ESMB_FRCEN_FR_1_03_GRB_06A
Postal_Codes__c,77183,a1u7x000003J1nYAAS,EMEA_ESMB_FRCEN_FR_2_06_GRB_LOA_TempCoverage_07B
Postal_Codes__c,NP1,a1u7x000003J7p4AAC,EMEA_ESMB_NORTH_NL_03_SB_06B
Postal_Codes__c,WC2R,a1u7x000003J6hmAAC,EMEA_ESMB_UKI_UK_SB_02_05
Postal_Codes__c,687,a1u7x000003IvZRAA0,EMEA_ESMB_NORTH_BELUX_GRB_FR_04A
Postal_Codes__c,68420,a1u7x000003J8LGAA0,EMEA_ESMB_FRCEN_FR_1_02_SB_04A
Postal_Codes__c,648,a1u7x000003IymgAAC,EMEA_ESMB_NORTH_NOR_NO_GRB_02B
Postal_Codes__c,CA14,a1u7x000003J7sGAAS,EMEA_ESMB_UKI_UK_SB_01_07
Postal_Codes__c,730,a1u7x000003J870AAC,EMEA_ESMB_FRCEN_CEN_CHAT_01_CH_SB_RCG_07C
Postal_Codes__c,41730,a1u7x000003J68PAAS,EMEA_ESMB_SOUTH_IB_03_ES_RET_TTH_GRB_3A
Postal_Codes__c,613,a1u7x000003J7fTAAS,EMEA_ESMB_NORTH_NOR_FI_SB_TempCoverage_04B
Postal_Codes__c,38434,a1u7x000003J1raAAC,EMEA_ESMB_SOUTH_IB_03_ES_RET_TTH_SB_1B
Postal_Codes__c,86220,a1u7x000003IzrOAAS,EMEA_ESMB_FRCEN_FR_1_04_GRB_06A
Postal_Codes__c,TN22,a1u7x000003J6ZYAA0,NP_EMEA_NGO_UKI_MM_01
Postal_Codes__c,24031,a1u7x000003J1gGAAS,EMEA_ESMB_SOUTH_IT_02_GRB_07
Postal_Codes__c,985,a1u7x000003IzgJAAS,EMEA_ESMB_NORTH_NOR_FI_GRB_02B
Postal_Codes__c,13190,a1u7x000003J2M9AAK,EMEA_FRANCE_MMR_CATCHALL_GB_RG
Postal_Codes__c,36180,a1u7x000003IyBfAAK,EMEA_ESMB_FRCEN_FR_1_01_SB_04A
Postal_Codes__c,28127,a1u7x000003J66VAAS,EMEA_ESMB_SOUTH_IB_02_ES_GRB_7B
Postal_Codes__c,IG3,a1u7x000003J2PpAAK,EMEA_ESMB_UKI_UK_GRB_FINS_07
Postal_Codes__c,167,a1u7x000003Iz5nAAC,EMEA_CENTRAL_DEAT_REG_AT_CMRCL_MM_05B
Postal_Codes__c,59850,a1u7x000003J4xbAAC,EMEA_ESMB_FRCEN_FR_1_01_SB_02A
Postal_Codes__c,30160,a1u7x000003J4ntAAC,EMEA_ESMB_FRCEN_FR_1_03_GRB_06A
Postal_Codes__c,743,a1u7x000003J1UwAAK,EMEA_CENTRAL_DEAT_REG_DE_CMRCL_MM_FRA_08
Postal_Codes__c,28034,a1u7x000003J68PAAS,EMEA_ESMB_SOUTH_IB_03_ES_RET_TTH_GRB_3A
Postal_Codes__c,27410,a1u7x000003J2cYAAS,EMEA_ESMB_FRCEN_FR_2_05_SB_03A
Postal_Codes__c,28065,a1u7x000003J2ZUAA0,EMEA_ESMB_SOUTH_IT_03_SB_02A
Postal_Codes__c,44530,a1u7x000003J2kNAAS,EMEA_ESMB_FRCEN_FR_1_03_GRB_05A
Postal_Codes__c,65150,a1u7x000003J4ntAAC,EMEA_ESMB_FRCEN_FR_1_03_GRB_06A
Postal_Codes__c,5400,a1u7x000003J433AAC,EMEA_ESMB_SOUTH_IB_03_PT_GRB_6A
Postal_Codes__c,17170,a1u7x000003J4dbAAC,EMEA_ESMB_FRCEN_FR_1_01_GRB_TempCoverage_06A
Postal_Codes__c,21640,a1u7x000003J4ntAAC,EMEA_ESMB_FRCEN_FR_1_03_GRB_06A
Postal_Codes__c,952,a1u7x000003IyBOAA0,EMEA_NORTH_BELUX_CMRCL_MM_MAE_02
Postal_Codes__c,76840,a1u7x000003J7s6AAC,EMEA_ESMB_FRCEN_FR_2_06_GRB_LOA_TempCoverage_07A
Postal_Codes__c,38650,a1u7x000003J68PAAS,EMEA_ESMB_SOUTH_IB_03_ES_RET_TTH_GRB_3A
Postal_Codes__c,314,a1u7x000003J2u2AAC,EMEA_ESMB_NORTH_NOR_FI_GRB_01B
Postal_Codes__c,57490,a1u7x000003J4KsAAK,EMEA_ESMB_FRCEN_FR_2_06_SB_04A
Postal_Codes__c,87210,a1u7x000003J7fbAAC,EMEA_ESMB_FRCEN_FR_1_03_SB_TempCoverage_04A
Postal_Codes__c,45000,a1u7x000003J7niAAC,EMEA_ESMB_FRCEN_FR_2_06_GRB_06A
Postal_Codes__c,60370,a1u7x000003J3FBAA0,EMEA_ESMB_FRCEN_FR_2_05_GRB_07A
Postal_Codes__c,76540,a1u7x000003J2hEAAS,EMEA_ESMB_FRCEN_FR_1_03_GRB_07A
Postal_Codes__c,25047,a1u7x000003J2ZUAA0,EMEA_ESMB_SOUTH_IT_03_SB_02A
Postal_Codes__c,54850,a1u7x000003J2M9AAK,EMEA_FRANCE_MMR_CATCHALL_GB_RG
Postal_Codes__c,PH39,a1u7x000003J1S3AAK,EMEA_ESMB_UKI_UK_GRB_FINS_01
Postal_Codes__c,2510,a1u7x000003J47vAAC,EMEA_ESMB_SOUTH_IL_01_GRB_05C
Postal_Codes__c,171,a1u7x000003Iz5nAAC,EMEA_CENTRAL_DEAT_REG_AT_CMRCL_MM_05B
Postal_Codes__c,25050,a1u7x000003J7djAAC,EMEA_ESMB_SOUTH_IT_01_GRB_06A
Postal_Codes__c,54340,a1u7x000003J2hEAAS,EMEA_ESMB_FRCEN_FR_1_03_GRB_07A
Postal_Codes__c,712,a1u7x000003IzgJAAS,EMEA_ESMB_NORTH_NOR_FI_GRB_02B
Postal_Codes__c,29610,a1u7x000003J7fYAAS,EMEA_ESMB_FRCEN_FR_2_05_SB_02A
Postal_Codes__c,57460,a1u7x000003J2mHAAS,EMEA_ESMB_FRCEN_FR_1_04_SB_02
Postal_Codes__c,160,a1u7x000003J5M2AAK,EMEA_ESMB_NORTH_BELUX_SB_FL_07A
Postal_Codes__c,87019,a1u7x000003J2j9AAC,EMEA_ESMB_SOUTH_IT_03_GRB_05A
Postal_Codes__c,56550,a1u7x000003J2M9AAK,EMEA_FRANCE_MMR_CATCHALL_GB_RG
Postal_Codes__c,566,a1u7x000003J7fUAAS,EMEA_ESMB_NORTH_NOR_FI_SB_06B
Postal_Codes__c,88700,a1u7x000003J4xbAAC,EMEA_ESMB_FRCEN_FR_1_01_SB_02A
Postal_Codes__c,30640,a1u7x000003J68PAAS,EMEA_ESMB_SOUTH_IB_03_ES_RET_TTH_GRB_3A
Postal_Codes__c,G44,a1u7x000003J5BzAAK,EMEA_ESMB_UKI_UK_SB_FINS_01
Postal_Codes__c,37340,a1u7x000003J3KSAA0,EMEA_ESMB_FRCEN_FR_1_04_SB_04A
Postal_Codes__c,91600,a1u7x000003J1nYAAS,EMEA_ESMB_FRCEN_FR_2_06_GRB_LOA_TempCoverage_07B
Postal_Codes__c,98796,a1u7x000003J6XuAAK,EMEA_ESMB_FRCEN_FR_1_01_SB_03A
Postal_Codes__c,19130,a1u7x000003J4dbAAC,EMEA_ESMB_FRCEN_FR_1_01_GRB_TempCoverage_06A
Postal_Codes__c,86120,a1u7x000003J4dbAAC,EMEA_ESMB_FRCEN_FR_1_01_GRB_TempCoverage_06A
Postal_Codes__c,35217,a1u7x000003J68PAAS,EMEA_ESMB_SOUTH_IB_03_ES_RET_TTH_GRB_3A
Postal_Codes__c,54330,a1u7x000003J4KsAAK,EMEA_ESMB_FRCEN_FR_2_06_SB_04A
Postal_Codes__c,57650,a1u7x000003J2hEAAS,EMEA_ESMB_FRCEN_FR_1_03_GRB_07A
Postal_Codes__c,98830,a1u7x000003J2FjAAK,EMEA_ESMB_FRCEN_FR_1_04_SB_03A
Postal_Codes__c,189,a1u7x000003J4V4AAK,EMEA_ESMB_FRCEN_CEN_DE_NTH2_SB_TempCoverage_06
Postal_Codes__c,62240,a1u7x000003J2hEAAS,EMEA_ESMB_FRCEN_FR_1_03_GRB_07A
Postal_Codes__c,57790,a1u7x000003J2kNAAS,EMEA_ESMB_FRCEN_FR_1_03_GRB_05A
Postal_Codes__c,54840,a1u7x000003J2hEAAS,EMEA_ESMB_FRCEN_FR_1_03_GRB_07A
Postal_Codes__c,85450,a1u7x000003J7fYAAS,EMEA_ESMB_FRCEN_FR_2_05_SB_02A
Postal_Codes__c,680,a1u7x000003J871AAC,EMEA_ESMB_FRCEN_CEN_CHAT_01_CH_GRB_RCG_07A
Postal_Codes__c,16200,a1u7x000003J7s6AAC,EMEA_ESMB_FRCEN_FR_2_06_GRB_LOA_TempCoverage_07A
Postal_Codes__c,14390,a1u7x000003IyBfAAK,EMEA_ESMB_FRCEN_FR_1_01_SB_04A
Postal_Codes__c,3841,a1u7x000003J47vAAC,EMEA_ESMB_SOUTH_IL_01_GRB_05C
Postal_Codes__c,88210,a1u7x000003J8LGAA0,EMEA_ESMB_FRCEN_FR_1_02_SB_04A
Postal_Codes__c,79510,a1u7x000003J2cYAAS,EMEA_ESMB_FRCEN_FR_2_05_SB_03A
Postal_Codes__c,37053,a1u7x000003J3QQAA0,EMEA_ESMB_SOUTH_IT_02_SB_TempCoverage_01A
Postal_Codes__c,874,a1u7x000003J5hDAAS,EMEA_NORTH_BELUX_CMRCL_MM_RCG_01
Postal_Codes__c,622,a1u7x000003IyX7AAK,EMEA_ESMB_NORTH_NOR_NO_SB_05B
Postal_Codes__c,82240,a1u7x000003J4uIAAS,EMEA_ESMB_FRCEN_FR_1_03_SB_03A
Postal_Codes__c,LE17,a1u7x000003IzI4AAK,EMEA_ESMB_UKI_UK_SB_FINS_TempCoverage_04A
Postal_Codes__c,25049,a1u7x000003J37HAAS,EMEA_ESMB_SOUTH_IT_01_SB_TempCoverage_02A
Postal_Codes__c,20279,a1u7x000003IzGuAAK,EMEA_ESMB_FRCEN_FR_1_02_GRB_07A
Postal_Codes__c,45490,a1u7x000003J7fYAAS,EMEA_ESMB_FRCEN_FR_2_05_SB_02A
Postal_Codes__c,98839,a1u7x000003J1nWAAS,EMEA_ESMB_FRCEN_FR_2_06_GRB_08A
Postal_Codes__c,13490,a1u7x000003IzrNAAS,EMEA_ESMB_FRCEN_FR_1_04_GRB_LOA_TempCoverage_05A
Postal_Codes__c,40360,a1u7x000003J2cYAAS,EMEA_ESMB_FRCEN_FR_2_05_SB_03A
Postal_Codes__c,70440,a1u7x000003J4dbAAC,EMEA_ESMB_FRCEN_FR_1_01_GRB_TempCoverage_06A
Postal_Codes__c,191,a1u7x000003J3NNAA0,EMEA_ESMB_NORTH_BELUX_GRB_FL_02A
Postal_Codes__c,84000,a1u7x000003IzGuAAK,EMEA_ESMB_FRCEN_FR_1_02_GRB_07A
Postal_Codes__c,28690,a1u7x000003J68PAAS,EMEA_ESMB_SOUTH_IB_03_ES_RET_TTH_GRB_3A
Postal_Codes__c,35800,a1u7x000003J2kNAAS,EMEA_ESMB_FRCEN_FR_1_03_GRB_05A
Postal_Codes__c,80370,a1u7x000003J6V4AAK,EMEA_ESMB_FRCEN_FR_1_02_GRB_06A
Postal_Codes__c,28600,a1u7x000003J7niAAC,EMEA_ESMB_FRCEN_FR_2_06_GRB_06A
Postal_Codes__c,68700,a1u7x000003J2hEAAS,EMEA_ESMB_FRCEN_FR_1_03_GRB_07A
Postal_Codes__c,36740,a1u7x000003J1raAAC,EMEA_ESMB_SOUTH_IB_03_ES_RET_TTH_SB_1B
Postal_Codes__c,38700,a1u7x000003J4g9AAC,EMEA_ESMB_FRCEN_FR_1_03_SB_01A
Postal_Codes__c,374,a1u7x000003J4pTAAS,EMEA_ESMB_FRCEN_CEN_DE_CEN_SB_TempCoverage_05
Postal_Codes__c,184,a1u7x000003IxrEAAS,EMEA_NORTH_BELUX_CMRCL_MM_PRO_TTH_01
Postal_Codes__c,29720,a1u7x000003IzrOAAS,EMEA_ESMB_FRCEN_FR_1_04_GRB_06A
Postal_Codes__c,56380,a1u7x000003IzrOAAS,EMEA_ESMB_FRCEN_FR_1_04_GRB_06A
Postal_Codes__c,HU20,a1u7x000003J1S3AAK,EMEA_ESMB_UKI_UK_GRB_FINS_01
Postal_Codes__c,167,a1u7x000003J4V4AAK,EMEA_ESMB_FRCEN_CEN_DE_NTH2_SB_TempCoverage_06
Postal_Codes__c,43737,a1u7x000003J4GZAA0,EMEA_ESMB_SOUTH_IB_01_ES_SB_2B
Postal_Codes__c,78700,a1u7x000003J7PWAA0,EMEA_ESMB_FRCEN_FR_1_04_GRB_LOA_TempCoverage_05B
Postal_Codes__c,50144,a1u7x000003J61hAAC,EMEA_ESMB_SOUTH_IT_01_SB_03A
Postal_Codes__c,34770,a1u7x000003J6XuAAK,EMEA_ESMB_FRCEN_FR_1_01_SB_03A
Postal_Codes__c,20247,a1u7x000003J6XuAAK,EMEA_ESMB_FRCEN_FR_1_01_SB_03A
Postal_Codes__c,LA4,a1u7x000003J6XrAAK,EMEA_ESMB_UKI_UK_GRB1_03_07
Postal_Codes__c,97230,a1u7x000003IzGtAAK,EMEA_ESMB_FRCEN_FR_1_02_GRB_07B
Postal_Codes__c,94700,a1u7x000003J2mwAAC,EMEA_FRANCE_IND_CATCHALL_GB_ID
Postal_Codes__c,31015,a1u7x000003J3QQAA0,EMEA_ESMB_SOUTH_IT_02_SB_TempCoverage_01A
Postal_Codes__c,611,a1u7x000003IyX7AAK,EMEA_ESMB_NORTH_NOR_NO_SB_05B
Postal_Codes__c,54670,a1u7x000003J2hEAAS,EMEA_ESMB_FRCEN_FR_1_03_GRB_07A
Postal_Codes__c,13006,a1u7x000003J1nWAAS,EMEA_ESMB_FRCEN_FR_2_06_GRB_08A
Postal_Codes__c,6610,a1u7x000003J3LXAA0,EMEA_ESMB_SOUTH_IL_02_SB_03A
Postal_Codes__c,39047,a1u7x000003J3QPAA0,EMEA_ESMB_SOUTH_IT_02_GRB_04
Postal_Codes__c,132,a1u7x000003IyX8AAK,EMEA_ESMB_NORTH_NOR_NO_SB_05A
Postal_Codes__c,88560,a1u7x000003J8LGAA0,EMEA_ESMB_FRCEN_FR_1_02_SB_04A
Postal_Codes__c,790,a1u7x000003IzgJAAS,EMEA_ESMB_NORTH_NOR_FI_GRB_02B
Postal_Codes__c,73110,a1u7x000003J4dZAAS,EMEA_ESMB_FRCEN_FR_1_01_SB_01A
Postal_Codes__c,665,a1u7x000003IyX7AAK,EMEA_ESMB_NORTH_NOR_NO_SB_05B
Postal_Codes__c,26011,a1u7x000003J2ZUAA0,EMEA_ESMB_SOUTH_IT_03_SB_02A
Postal_Codes__c,30170,a1u7x000003J2FjAAK,EMEA_ESMB_FRCEN_FR_1_04_SB_03A
Postal_Codes__c,BH11,a1u7x000003J30cAAC,EMEA_ESMB_UKI_UK_SB_FINS_05
Postal_Codes__c,12580,a1u7x000003J1rgAAC,EMEA_ESMB_FRCEN_FR_1_02_SB_03A
Postal_Codes__c,9735,a1u7x000003J5k0AAC,EMEA_ESMB_SOUTH_IL_01_SB_TempCoverage_03B
Postal_Codes__c,87800,a1u7x000003J2kNAAS,EMEA_ESMB_FRCEN_FR_1_03_GRB_05A
Postal_Codes__c,62128,a1u7x000003J3FBAA0,EMEA_ESMB_FRCEN_FR_2_05_GRB_07A
Postal_Codes__c,478,a1u7x000003J1a9AAC,EMEA_ESMB_NORTH_NL_02_GRB_01B
Postal_Codes__c,4589,a1u7x000003J5XJAA0,EMEA_ESMB_SOUTH_IB_03_PT_GRB_7B
Postal_Codes__c,81500,a1u7x000003J1rgAAC,EMEA_ESMB_FRCEN_FR_1_02_SB_03A
Postal_Codes__c,59147,a1u7x000003IzrOAAS,EMEA_ESMB_FRCEN_FR_1_04_GRB_06A
Postal_Codes__c,1231,a1u7x000003J5jzAAC,EMEA_ESMB_SOUTH_IL_01_GRB_06C
Postal_Codes__c,67520,a1u7x000003J2M9AAK,EMEA_FRANCE_MMR_CATCHALL_GB_RG
Postal_Codes__c,22970,a1u7x000003J7fbAAC,EMEA_ESMB_FRCEN_FR_1_03_SB_TempCoverage_04A
Postal_Codes__c,751,a1u7x000003IymgAAC,EMEA_ESMB_NORTH_NOR_NO_GRB_02B
Postal_Codes__c,53040,a1u7x000003J61hAAC,EMEA_ESMB_SOUTH_IT_01_SB_03A
Postal_Codes__c,CA26,a1u7x000003J6XrAAK,EMEA_ESMB_UKI_UK_GRB1_03_07
Postal_Codes__c,31180,a1u7x000003J2kNAAS,EMEA_ESMB_FRCEN_FR_1_03_GRB_05A
Postal_Codes__c,66240,a1u7x000003J4uIAAS,EMEA_ESMB_FRCEN_FR_1_03_SB_03A
Postal_Codes__c,62150,a1u7x000003J8LGAA0,EMEA_ESMB_FRCEN_FR_1_02_SB_04A
Postal_Codes__c,40422,a1u7x000003J1raAAC,EMEA_ESMB_SOUTH_IB_03_ES_RET_TTH_SB_1B
Postal_Codes__c,74660,a1u7x000003J4ntAAC,EMEA_ESMB_FRCEN_FR_1_03_GRB_06A
Postal_Codes__c,15200,a1u7x000003J7PXAA0,EMEA_ESMB_FRCEN_FR_1_04_SB_01A
Postal_Codes__c,35580,a1u7x000003IyBfAAK,EMEA_ESMB_FRCEN_FR_1_01_SB_04A
Postal_Codes__c,25660,a1u7x000003J1reAAC,EMEA_ESMB_SOUTH_IB_03_ES_RET_TTH_GRB_TempCoverage_LOA_4B
Postal_Codes__c,59800,a1u7x000003J3FBAA0,EMEA_ESMB_FRCEN_FR_2_05_GRB_07A
Postal_Codes__c,YO21,a1u7x000003J1S3AAK,EMEA_ESMB_UKI_UK_GRB_FINS_01
Postal_Codes__c,52370,a1u7x000003J6V4AAK,EMEA_ESMB_FRCEN_FR_1_02_GRB_06A
Postal_Codes__c,91016,a1u7x000003J61hAAC,EMEA_ESMB_SOUTH_IT_01_SB_03A
Postal_Codes__c,24015,a1u7x000003J37HAAS,EMEA_ESMB_SOUTH_IT_01_SB_TempCoverage_02A
Postal_Codes__c,80122,a1u7x000003J2mHAAS,EMEA_ESMB_FRCEN_FR_1_04_SB_02
Postal_Codes__c,214,a1u7x000003J5hDAAS,EMEA_NORTH_BELUX_CMRCL_MM_RCG_01
Postal_Codes__c,27240,a1u7x000003J2hEAAS,EMEA_ESMB_FRCEN_FR_1_03_GRB_07A
Postal_Codes__c,20220,a1u7x000003J2M9AAK,EMEA_FRANCE_MMR_CATCHALL_GB_RG
Postal_Codes__c,33190,a1u7x000003J2kNAAS,EMEA_ESMB_FRCEN_FR_1_03_GRB_05A
Postal_Codes__c,98773,a1u7x000003J4uIAAS,EMEA_ESMB_FRCEN_FR_1_03_SB_03A
Postal_Codes__c,10340,a1u7x000003J1raAAC,EMEA_ESMB_SOUTH_IB_03_ES_RET_TTH_SB_1B
Postal_Codes__c,98760,a1u7x000003J4uIAAS,EMEA_ESMB_FRCEN_FR_1_03_SB_03A
Postal_Codes__c,63084,a1u7x000003J2j9AAC,EMEA_ESMB_SOUTH_IT_03_GRB_05A
Postal_Codes__c,L67,a1u7x000003J6hlAAC,EMEA_ESMB_UKI_UK_SB_02_LOA_TempCoverage_02A
Postal_Codes__c,88841,a1u7x000003J2j9AAC,EMEA_ESMB_SOUTH_IT_03_GRB_05A
Postal_Codes__c,88100,a1u7x000003J4KsAAK,EMEA_ESMB_FRCEN_FR_2_06_SB_04A
Postal_Codes__c,62142,a1u7x000003J8LGAA0,EMEA_ESMB_FRCEN_FR_1_02_SB_04A
Postal_Codes__c,33590,a1u7x000003J0ECAA0,EMEA_ESMB_SOUTH_IB_01_ES_GRB_5B
Postal_Codes__c,SS13,a1u7x000003J4nzAAC,EMEA_ESMB_UKI_UK_SB_04_06
Postal_Codes__c,57670,a1u7x000003J4KsAAK,EMEA_ESMB_FRCEN_FR_2_06_SB_04A
Postal_Codes__c,46100,a1u7x000003J1rgAAC,EMEA_ESMB_FRCEN_FR_1_02_SB_03A
Postal_Codes__c,35140,a1u7x000003IzrOAAS,EMEA_ESMB_FRCEN_FR_1_04_GRB_06A
Postal_Codes__c,57925,a1u7x000003J4KsAAK,EMEA_ESMB_FRCEN_FR_2_06_SB_04A
Postal_Codes__c,127,a1u7x000003J2uDAAS,EMEA_ESMB_NORTH_NOR_FI_GRB_03B
Postal_Codes__c,PL2,a1u7x000003J1S4AAK,EMEA_ESMB_UKI_UK_GRB_FINS_LOA_TempCoverage_05a
Postal_Codes__c,98749,a1u7x000003J1nWAAS,EMEA_ESMB_FRCEN_FR_2_06_GRB_08A
Postal_Codes__c,4685,a1u7x000003J4ZjAAK,EMEA_ESMB_SOUTH_IL_03_SB_TempCoverage_03B
Postal_Codes__c,59330,a1u7x000003J5C3AAK,EMEA_ESMB_FRCEN_FR_2_06_SB_02A
Postal_Codes__c,90046,a1u7x000003J2j9AAC,EMEA_ESMB_SOUTH_IT_03_GRB_05A
Postal_Codes__c,22630,a1u7x000003J7niAAC,EMEA_ESMB_FRCEN_FR_2_06_GRB_06A
Postal_Codes__c,NE92,a1u7x000003J6sKAAS,EMEA_ESMB_UKI_UK_SB_01_LOA_TempCoverage_03A
Postal_Codes__c,90138,a1u7x000003J61hAAC,EMEA_ESMB_SOUTH_IT_01_SB_03A
Postal_Codes__c,121,a1u7x000003J4MjAAK,EMEA_ESMB_NORTH_NL_01_GRB_TempCoverage_02A
Postal_Codes__c,77690,a1u7x000003J1nYAAS,EMEA_ESMB_FRCEN_FR_2_06_GRB_LOA_TempCoverage_07B
Postal_Codes__c,78400,a1u7x000003IzGtAAK,EMEA_ESMB_FRCEN_FR_1_02_GRB_07B
Postal_Codes__c,83240,a1u7x000003J2kNAAS,EMEA_ESMB_FRCEN_FR_1_03_GRB_05A
Postal_Codes__c,59267,a1u7x000003J4xbAAC,EMEA_ESMB_FRCEN_FR_1_01_SB_02A
Postal_Codes__c,33100,a1u7x000003J2hEAAS,EMEA_ESMB_FRCEN_FR_1_03_GRB_07A
Postal_Codes__c,59320,a1u7x000003J2mHAAS,EMEA_ESMB_FRCEN_FR_1_04_SB_02
Postal_Codes__c,240,a1u7x000003J6MaAAK,EMEA_ESMB_NORTH_NOR_NO_GRB_01A
Postal_Codes__c,MK18,a1u7x000003J6ZYAA0,NP_EMEA_NGO_UKI_MM_01
Postal_Codes__c,80061,a1u7x000003J392AAC,EMEA_ESMB_SOUTH_IT_03_SB_04
Postal_Codes__c,62219,a1u7x000003J4dbAAC,EMEA_ESMB_FRCEN_FR_1_01_GRB_TempCoverage_06A
Postal_Codes__c,NE37,a1u7x000003J5BzAAK,EMEA_ESMB_UKI_UK_SB_FINS_01
Postal_Codes__c,25196,a1u7x000003J4GZAA0,EMEA_ESMB_SOUTH_IB_01_ES_SB_2B
Postal_Codes__c,70230,a1u7x000003J4KsAAK,EMEA_ESMB_FRCEN_FR_2_06_SB_04A
Postal_Codes__c,7916,a1u7x000003J236AAC,EMEA_ESMB_SOUTH_IL_02_GRB_06C
Postal_Codes__c,51016,a1u7x000003J3s3AAC,EMEA_ESMB_SOUTH_IT_02_GRB_06A
Postal_Codes__c,IP32,a1u7x000003J1GGAA0,EMEA_ESMB_UKI_UK_GRB3_06
Postal_Codes__c,186,a1u7x000003J4pQAAS,EMEA_NORTH_BELUX_CMRCL_MM_MAE_01
Postal_Codes__c,81370,a1u7x000003IzGuAAK,EMEA_ESMB_FRCEN_FR_1_02_GRB_07A
Postal_Codes__c,26858,a1u7x000003J21JAAS,EMEA_ESMB_SOUTH_IT_03_GRB_06A
Postal_Codes__c,SO14,a1u7x000003J3BrAAK,EMEA_ESMB_UKI_UK_GRB1_01_03
Postal_Codes__c,68000,a1u7x000003J4dbAAC,EMEA_ESMB_FRCEN_FR_1_01_GRB_TempCoverage_06A
Postal_Codes__c,92160,a1u7x000003J4dYAAS,EMEA_ESMB_FRCEN_FR_1_01_GRB_TempCoverage_06B
Postal_Codes__c,84125,a1u7x000003J61hAAC,EMEA_ESMB_SOUTH_IT_01_SB_03A
Postal_Codes__c,46810,a1u7x000003J68QAAS,EMEA_ESMB_SOUTH_IB_03_ES_RET_TTH_GRB_3B
Postal_Codes__c,90045,a1u7x000003J2j9AAC,EMEA_ESMB_SOUTH_IT_03_GRB_05A
Postal_Codes__c,37210,a1u7x000003J2hEAAS,EMEA_ESMB_FRCEN_FR_1_03_GRB_07A
Postal_Codes__c,33141,a1u7x000003J7fbAAC,EMEA_ESMB_FRCEN_FR_1_03_SB_TempCoverage_04A
Postal_Codes__c,38010,a1u7x000003J68PAAS,EMEA_ESMB_SOUTH_IB_03_ES_RET_TTH_GRB_3A
Postal_Codes__c,32150,a1u7x000003J4uIAAS,EMEA_ESMB_FRCEN_FR_1_03_SB_03A
Postal_Codes__c,25770,a1u7x000003J4KsAAK,EMEA_ESMB_FRCEN_FR_2_06_SB_04A
Postal_Codes__c,57925,a1u7x000003J8LGAA0,EMEA_ESMB_FRCEN_FR_1_02_SB_04A
Postal_Codes__c,20138,a1u7x000003J61iAAC,EMEA_ESMB_SOUTH_IT_01_SB_03B
Postal_Codes__c,46027,a1u7x000003J37HAAS,EMEA_ESMB_SOUTH_IT_01_SB_TempCoverage_02A
Postal_Codes__c,100,a1u7x000003J5hDAAS,EMEA_NORTH_BELUX_CMRCL_MM_RCG_01
Postal_Codes__c,3434,a1u7x000003J5jzAAC,EMEA_ESMB_SOUTH_IL_01_GRB_06C
Postal_Codes__c,25480,a1u7x000003J8LGAA0,EMEA_ESMB_FRCEN_FR_1_02_SB_04A
Postal_Codes__c,370,a1u7x000003J6heAAC,EMEA_NORTH_BELUX_CMRCL_MM_TEC_01
Postal_Codes__c,752,a1u7x000003J2kLAAS,EMEA_ESMB_FRCEN_CEN_CHAT_01_CH_SB_TempCoverage_02B
Postal_Codes__c,13116,a1u7x000003J1nWAAS,EMEA_ESMB_FRCEN_FR_2_06_GRB_08A
Postal_Codes__c,21410,a1u7x000003J4ntAAC,EMEA_ESMB_FRCEN_FR_1_03_GRB_06A
Postal_Codes__c,73140,a1u7x000003J4dZAAS,EMEA_ESMB_FRCEN_FR_1_01_SB_01A
Postal_Codes__c,17138,a1u7x000003J2kNAAS,EMEA_ESMB_FRCEN_FR_1_03_GRB_05A
Postal_Codes__c,59116,a1u7x000003J8LGAA0,EMEA_ESMB_FRCEN_FR_1_02_SB_04A
Postal_Codes__c,77186,a1u7x000003J4uGAAS,EMEA_ESMB_FRCEN_FR_1_03_SB_TempCoverage_02B
Postal_Codes__c,66150,a1u7x000003J6XuAAK,EMEA_ESMB_FRCEN_FR_1_01_SB_03A
Postal_Codes__c,63065,a1u7x000003J3s3AAC,EMEA_ESMB_SOUTH_IT_02_GRB_06A
Postal_Codes__c,60034,a1u7x000003J3s3AAC,EMEA_ESMB_SOUTH_IT_02_GRB_06A
Postal_Codes__c,77176,a1u7x000003IzGtAAK,EMEA_ESMB_FRCEN_FR_1_02_GRB_07B
Postal_Codes__c,77230,a1u7x000003J1nYAAS,EMEA_ESMB_FRCEN_FR_2_06_GRB_LOA_TempCoverage_07B
Postal_Codes__c,54510,a1u7x000003J3FBAA0,EMEA_ESMB_FRCEN_FR_2_05_GRB_07A
Postal_Codes__c,SS2,a1u7x000003J4nzAAC,EMEA_ESMB_UKI_UK_SB_04_06
Postal_Codes__c,36895,a1u7x000003J0ECAA0,EMEA_ESMB_SOUTH_IB_01_ES_GRB_5B
Postal_Codes__c,34160,a1u7x000003IzGuAAK,EMEA_ESMB_FRCEN_FR_1_02_GRB_07A
Postal_Codes__c,37017,a1u7x000003J3QQAA0,EMEA_ESMB_SOUTH_IT_02_SB_TempCoverage_01A
Postal_Codes__c,153,a1u7x000003J874AAC,EMEA_ESMB_FRCEN_CEN_CHAT_01_CH_SB_RCG_07D
Postal_Codes__c,80430,a1u7x000003J2kNAAS,EMEA_ESMB_FRCEN_FR_1_03_GRB_05A
Postal_Codes__c,399,a1u7x000003J4pTAAS,EMEA_ESMB_FRCEN_CEN_DE_CEN_SB_TempCoverage_05
Postal_Codes__c,91370,a1u7x000003J2kMAAS,EMEA_ESMB_FRCEN_FR_1_03_GRB_05B
Postal_Codes__c,59265,a1u7x000003J4xbAAC,EMEA_ESMB_FRCEN_FR_1_01_SB_02A
Postal_Codes__c,56770,a1u7x000003J7fbAAC,EMEA_ESMB_FRCEN_FR_1_03_SB_TempCoverage_04A
Postal_Codes__c,80460,a1u7x000003J2mHAAS,EMEA_ESMB_FRCEN_FR_1_04_SB_02
Postal_Codes__c,26835,a1u7x000003J21JAAS,EMEA_ESMB_SOUTH_IT_03_GRB_06A
Postal_Codes__c,810,a1u7x000003IyX7AAK,EMEA_ESMB_NORTH_NOR_NO_SB_05B
Postal_Codes__c,31251,a1u7x000003J1rcAAC,EMEA_ESMB_SOUTH_IB_03_ES_RET_TTH_SB_2B
Postal_Codes__c,127,a1u7x000003J407AAC,EMEA_ESMB_NORTH_NL_02_GRB_02
Postal_Codes__c,22124,a1u7x000003J0ECAA0,EMEA_ESMB_SOUTH_IB_01_ES_GRB_5B
Postal_Codes__c,59187,a1u7x000003J2hEAAS,EMEA_ESMB_FRCEN_FR_1_03_GRB_07A
Postal_Codes__c,71190,a1u7x000003J2kNAAS,EMEA_ESMB_FRCEN_FR_1_03_GRB_05A
Postal_Codes__c,4445,a1u7x000003J5XJAA0,EMEA_ESMB_SOUTH_IB_03_PT_GRB_7B
Postal_Codes__c,69004,a1u7x000003J7KvAAK,EMEA_ESMB_FRCEN_FR_1_02_SB_01
Postal_Codes__c,62460,a1u7x000003J4dbAAC,EMEA_ESMB_FRCEN_FR_1_01_GRB_TempCoverage_06A
Postal_Codes__c,24404,a1u7x000003J6IXAA0,EMEA_ESMB_SOUTH_IB_02_ES_SB_5A
Postal_Codes__c,30770,a1u7x000003J1rgAAC,EMEA_ESMB_FRCEN_FR_1_02_SB_03A
Postal_Codes__c,46711,a1u7x000003J0EBAA0,EMEA_ESMB_SOUTH_IB_01_ES_GRB_TempCoverage_7B
Postal_Codes__c,28838,a1u7x000003J37HAAS,EMEA_ESMB_SOUTH_IT_01_SB_TempCoverage_02A
Postal_Codes__c,64160,a1u7x000003IzrOAAS,EMEA_ESMB_FRCEN_FR_1_04_GRB_06A
Postal_Codes__c,110,a1u7x000003J1QBAA0,EMEA_ESMB_NORTH_NOR_NO_SB_03A
Postal_Codes__c,3292,a1u7x000003J5jzAAC,EMEA_ESMB_SOUTH_IL_01_GRB_06C
Postal_Codes__c,93250,a1u7x000003J7PWAA0,EMEA_ESMB_FRCEN_FR_1_04_GRB_LOA_TempCoverage_05B
Postal_Codes__c,TD1,a1u7x000003J5BzAAK,EMEA_ESMB_UKI_UK_SB_FINS_01
Postal_Codes__c,74650,a1u7x000003J4EUAA0,EMEA_ESMB_FRCEN_FR_2_06_SB_03A
Postal_Codes__c,77580,a1u7x000003J2kMAAS,EMEA_ESMB_FRCEN_FR_1_03_GRB_05B
Postal_Codes__c,GL20,a1u7x000003J1exAAC,EMEA_ESMB_UKI_UK_GRB1_04_LOA_TempCoverage_01B
Postal_Codes__c,23270,a1u7x000003J2cYAAS,EMEA_ESMB_FRCEN_FR_2_05_SB_03A
Postal_Codes__c,82110,a1u7x000003J6XuAAK,EMEA_ESMB_FRCEN_FR_1_01_SB_03A
Postal_Codes__c,13003,a1u7x000003J2kNAAS,EMEA_ESMB_FRCEN_FR_1_03_GRB_05A
Postal_Codes__c,13700,a1u7x000003J1rgAAC,EMEA_ESMB_FRCEN_FR_1_02_SB_03A
Postal_Codes__c,84870,a1u7x000003J2M9AAK,EMEA_FRANCE_MMR_CATCHALL_GB_RG
Postal_Codes__c,82028,a1u7x000003J392AAC,EMEA_ESMB_SOUTH_IT_03_SB_04
Postal_Codes__c,59225,a1u7x000003IzrOAAS,EMEA_ESMB_FRCEN_FR_1_04_GRB_06A
Postal_Codes__c,17451,a1u7x000003J4GZAA0,EMEA_ESMB_SOUTH_IB_01_ES_SB_2B
Postal_Codes__c,89170,a1u7x000003J7PXAA0,EMEA_ESMB_FRCEN_FR_1_04_SB_01A
Postal_Codes__c,241,a1u7x000003J8OLAA0,NP_EMEA_NGO_EUR_NORTH_MM_NL_01
Postal_Codes__c,3864,a1u7x000003J433AAC,EMEA_ESMB_SOUTH_IB_03_PT_GRB_6A
Postal_Codes__c,27003,a1u7x000003J68PAAS,EMEA_ESMB_SOUTH_IB_03_ES_RET_TTH_GRB_3A
Postal_Codes__c,48210,a1u7x000003J2FjAAK,EMEA_ESMB_FRCEN_FR_1_04_SB_03A
Postal_Codes__c,97118,a1u7x000003J6XtAAK,EMEA_ESMB_FRCEN_FR_1_01_SB_03B
Postal_Codes__c,9530,a1u7x000003J5jyAAC,EMEA_ESMB_SOUTH_IL_01_GRB_06B
Postal_Codes__c,37300,a1u7x000003J5onAAC,EMEA_ESMB_SOUTH_IB_02_ES_GRB_6B
Postal_Codes__c,TS7,a1u7x000003J6sKAAS,EMEA_ESMB_UKI_UK_SB_01_LOA_TempCoverage_03A
Postal_Codes__c,82250,a1u7x000003J2kNAAS,EMEA_ESMB_FRCEN_FR_1_03_GRB_05A
Postal_Codes__c,16570,a1u7x000003J4dbAAC,EMEA_ESMB_FRCEN_FR_1_01_GRB_TempCoverage_06A
Postal_Codes__c,79220,a1u7x000003J7fbAAC,EMEA_ESMB_FRCEN_FR_1_03_SB_TempCoverage_04A
Postal_Codes__c,88540,a1u7x000003J8LGAA0,EMEA_ESMB_FRCEN_FR_1_02_SB_04A
Postal_Codes__c,CM12,a1u7x000003J2PpAAK,EMEA_ESMB_UKI_UK_GRB_FINS_07
Postal_Codes__c,77580,a1u7x000003J1nYAAS,EMEA_ESMB_FRCEN_FR_2_06_GRB_LOA_TempCoverage_07B
Postal_Codes__c,7407,a1u7x000003J3AGAA0,EMEA_ESMB_SOUTH_IL_03_SB_TempCoverage_02
Postal_Codes__c,6428,a1u7x000003J3AGAA0,EMEA_ESMB_SOUTH_IL_03_SB_TempCoverage_02
Postal_Codes__c,5340,a1u7x000003J3AGAA0,EMEA_ESMB_SOUTH_IL_03_SB_TempCoverage_02
Postal_Codes__c,47814,a1u7x000003J21IAAS,EMEA_ESMB_SOUTH_IT_03_SB_TempCoverage_01A
Postal_Codes__c,647,a1u7x000003J871AAC,EMEA_ESMB_FRCEN_CEN_CHAT_01_CH_GRB_RCG_07A
Postal_Codes__c,9463,a1u7x000003J5LRAA0,EMEA_ESMB_SOUTH_IL_03_GRB_05C
Postal_Codes__c,23844,a1u7x000003J7djAAC,EMEA_ESMB_SOUTH_IT_01_GRB_06A
Postal_Codes__c,29754,a1u7x000003J68PAAS,EMEA_ESMB_SOUTH_IB_03_ES_RET_TTH_GRB_3A
Postal_Codes__c,28400,a1u7x000003J2hEAAS,EMEA_ESMB_FRCEN_FR_1_03_GRB_07A
Postal_Codes__c,NE70,a1u7x000003J5BzAAK,EMEA_ESMB_UKI_UK_SB_FINS_01
Postal_Codes__c,73640,a1u7x000003J7KvAAK,EMEA_ESMB_FRCEN_FR_1_02_SB_01
Postal_Codes__c,30770,a1u7x000003J2M9AAK,EMEA_FRANCE_MMR_CATCHALL_GB_RG
Postal_Codes__c,SE15,a1u7x000003J68FAAS,EMEA_ESMB_UKI_UK_SB_FINS_08
Postal_Codes__c,46315,a1u7x000003J1rcAAC,EMEA_ESMB_SOUTH_IB_03_ES_RET_TTH_SB_2B
Postal_Codes__c,38920,a1u7x000003J6V4AAK,EMEA_ESMB_FRCEN_FR_1_02_GRB_06A
Postal_Codes__c,73410,a1u7x000003J2kNAAS,EMEA_ESMB_FRCEN_FR_1_03_GRB_05A
Postal_Codes__c,59111,a1u7x000003J5C3AAK,EMEA_ESMB_FRCEN_FR_2_06_SB_02A
Postal_Codes__c,61025,a1u7x000003J3s3AAC,EMEA_ESMB_SOUTH_IT_02_GRB_06A
Postal_Codes__c,30392,a1u7x000003J0EBAA0,EMEA_ESMB_SOUTH_IB_01_ES_GRB_TempCoverage_7B
Postal_Codes__c,SW13,a1u7x000003J6ZYAA0,NP_EMEA_NGO_UKI_MM_01
Postal_Codes__c,4054,a1u7x000003J5LRAA0,EMEA_ESMB_SOUTH_IL_03_GRB_05C
Postal_Codes__c,510,a1u7x000003Iz5rAAC,EMEA_CENTRAL_DEAT_REG_AT_CMRCL_GB_05A
Postal_Codes__c,27298,a1u7x000003J0ECAA0,EMEA_ESMB_SOUTH_IB_01_ES_GRB_5B
Postal_Codes__c,235,a1u7x000003J1QBAA0,EMEA_ESMB_NORTH_NOR_NO_SB_03A
Postal_Codes__c,40560,a1u7x000003IzrOAAS,EMEA_ESMB_FRCEN_FR_1_04_GRB_06A
Postal_Codes__c,942,a1u7x000003J5hDAAS,EMEA_NORTH_BELUX_CMRCL_MM_RCG_01
Postal_Codes__c,63920,a1u7x000003J6V4AAK,EMEA_ESMB_FRCEN_FR_1_02_GRB_06A
Postal_Codes__c,23470,a1u7x000003J68PAAS,EMEA_ESMB_SOUTH_IB_03_ES_RET_TTH_GRB_3A
Postal_Codes__c,90123,a1u7x000003J2j9AAC,EMEA_ESMB_SOUTH_IT_03_GRB_05A
Postal_Codes__c,42004,a1u7x000003J1raAAC,EMEA_ESMB_SOUTH_IB_03_ES_RET_TTH_SB_1B
Postal_Codes__c,17240,a1u7x000003J7LrAAK,EMEA_ESMB_SOUTH_IB_01_ES_GRB_4B
Postal_Codes__c,ME4,a1u7x000003J2PpAAK,EMEA_ESMB_UKI_UK_GRB_FINS_07
Postal_Codes__c,292,a1u7x000003J2qpAAC,EMEA_ESMB_NORTH_NL_03_GRB_03B
Postal_Codes__c,98753,a1u7x000003J86oAAC,EMEA_ESMB_FRCEN_FR_1_01_GRB_05A
Postal_Codes__c,97117,a1u7x000003J2kMAAS,EMEA_ESMB_FRCEN_FR_1_03_GRB_05B
Postal_Codes__c,13130,a1u7x000003J2M9AAK,EMEA_FRANCE_MMR_CATCHALL_GB_RG
Postal_Codes__c,13430,a1u7x000003J2M9AAK,EMEA_FRANCE_MMR_CATCHALL_GB_RG
Postal_Codes__c,66680,a1u7x000003J6XuAAK,EMEA_ESMB_FRCEN_FR_1_01_SB_03A
Postal_Codes__c,16320,a1u7x000003J6hgAAC,EMEA_ESMB_FRCEN_FR_1_02_SB_05A
Postal_Codes__c,23470,a1u7x000003J5onAAC,EMEA_ESMB_SOUTH_IB_02_ES_GRB_6B
Postal_Codes__c,81330,a1u7x000003J4uIAAS,EMEA_ESMB_FRCEN_FR_1_03_SB_03A
Postal_Codes__c,37370,a1u7x000003J8LGAA0,EMEA_ESMB_FRCEN_FR_1_02_SB_04A
Postal_Codes__c,877,a1u7x000003J2fnAAC,EMEA_CENTRAL_DEAT_REG_DE_CMRCL_MM_MUC_06
Postal_Codes__c,45560,a1u7x000003J8LGAA0,EMEA_ESMB_FRCEN_FR_1_02_SB_04A
Postal_Codes__c,54440,a1u7x000003J2hEAAS,EMEA_ESMB_FRCEN_FR_1_03_GRB_07A
Postal_Codes__c,81130,a1u7x000003J2cZAAS,EMEA_ESMB_FRCEN_FR_2_05_SB_TempCoverage_05A
Postal_Codes__c,65100,a1u7x000003IzrNAAS,EMEA_ESMB_FRCEN_FR_1_04_GRB_LOA_TempCoverage_05A
Postal_Codes__c,PA68,a1u7x000003J1S3AAK,EMEA_ESMB_UKI_UK_GRB_FINS_01
Postal_Codes__c,44860,a1u7x000003J7fbAAC,EMEA_ESMB_FRCEN_FR_1_03_SB_TempCoverage_04A
Postal_Codes__c,EC3M,a1u7x000003J6sKAAS,EMEA_ESMB_UKI_UK_SB_01_LOA_TempCoverage_03A
Postal_Codes__c,HU1,a1u7x000003J4uPAAS,EMEA_ESMB_UKI_UK_SB_01_04
Postal_Codes__c,SG6,a1u7x000003J5QzAAK,EMEA_ESMB_UKI_UK_GRB_FINS_06
Postal_Codes__c,NE39,a1u7x000003J2uEAAS,NP_EMEA_NGO_UKI_MM_02
Postal_Codes__c,3220,a1u7x000003J433AAC,EMEA_ESMB_SOUTH_IB_03_PT_GRB_6A
Postal_Codes__c,28006,a1u7x000003J6NFAA0,EMEA_ESMB_SOUTH_IB_02_ES_SB_4B
Postal_Codes__c,50250,a1u7x000003J4dbAAC,EMEA_ESMB_FRCEN_FR_1_01_GRB_TempCoverage_06A
Postal_Codes__c,78190,a1u7x000003J1nYAAS,EMEA_ESMB_FRCEN_FR_2_06_GRB_LOA_TempCoverage_07B
Postal_Codes__c,73590,a1u7x000003J4ntAAC,EMEA_ESMB_FRCEN_FR_1_03_GRB_06A
Postal_Codes__c,18360,a1u7x000003IzrOAAS,EMEA_ESMB_FRCEN_FR_1_04_GRB_06A
Postal_Codes__c,83131,a1u7x000003J2kNAAS,EMEA_ESMB_FRCEN_FR_1_03_GRB_05A
Postal_Codes__c,84000,a1u7x000003J1nWAAS,EMEA_ESMB_FRCEN_FR_2_06_GRB_08A
Postal_Codes__c,40064,a1u7x000003J21IAAS,EMEA_ESMB_SOUTH_IT_03_SB_TempCoverage_01A
Postal_Codes__c,277,a1u7x000003J8OLAA0,NP_EMEA_NGO_EUR_NORTH_MM_NL_01
Postal_Codes__c,28214,a1u7x000003J68PAAS,EMEA_ESMB_SOUTH_IB_03_ES_RET_TTH_GRB_3A
Postal_Codes__c,BT76,a1u7x000003J2uEAAS,NP_EMEA_NGO_UKI_MM_02
Postal_Codes__c,66190,a1u7x000003J4ntAAC,EMEA_ESMB_FRCEN_FR_1_03_GRB_06A
Postal_Codes__c,902,a1u7x000003IymgAAC,EMEA_ESMB_NORTH_NOR_NO_GRB_02B
Postal_Codes__c,54116,a1u7x000003J2mHAAS,EMEA_ESMB_FRCEN_FR_1_04_SB_02
Postal_Codes__c,25380,a1u7x000003IzrOAAS,EMEA_ESMB_FRCEN_FR_1_04_GRB_06A
Postal_Codes__c,896,a1u7x000003J6dDAAS,EMEA_ESMB_FRCEN_CEN_CHAT_01_CH_GRB_06B
Postal_Codes__c,59188,a1u7x000003J4uFAAS,EMEA_ESMB_FRCEN_FR_1_03_SB_TempCoverage_02A
Postal_Codes__c,920,a1u7x000003J58rAAC,EMEA_ESMB_FRCEN_CEN_DE_CEN_SB_08
Postal_Codes__c,50639,a1u7x000003J1rcAAC,EMEA_ESMB_SOUTH_IB_03_ES_RET_TTH_SB_2B
Postal_Codes__c,N7,a1u7x000003J4BGAA0,EMEA_ESMB_UKI_UK_GRB1_02_01
Postal_Codes__c,13870,a1u7x000003J4ntAAC,EMEA_ESMB_FRCEN_FR_1_03_GRB_06A
Postal_Codes__c,850,a1u7x000003J4pQAAS,EMEA_NORTH_BELUX_CMRCL_MM_MAE_01
Postal_Codes__c,576,a1u7x000003J1QCAA0,EMEA_ESMB_NORTH_NOR_NO_SB_03B
Postal_Codes__c,87120,a1u7x000003J2hEAAS,EMEA_ESMB_FRCEN_FR_1_03_GRB_07A
Postal_Codes__c,DA18,a1u7x000003J2PpAAK,EMEA_ESMB_UKI_UK_GRB_FINS_07
Postal_Codes__c,86180,a1u7x000003J4dbAAC,EMEA_ESMB_FRCEN_FR_1_01_GRB_TempCoverage_06A
Postal_Codes__c,264,a1u7x000003J8GHAA0,EMEA_ESMB_FRCEN_CEN_DE_NTH2_SB_05
Postal_Codes__c,25069,a1u7x000003J37HAAS,EMEA_ESMB_SOUTH_IT_01_SB_TempCoverage_02A
Postal_Codes__c,45520,a1u7x000003J6V3AAK,EMEA_ESMB_FRCEN_FR_1_02_GRB_TempCoverage_08A
Postal_Codes__c,55240,a1u7x000003J4KsAAK,EMEA_ESMB_FRCEN_FR_2_06_SB_04A
Postal_Codes__c,49220,a1u7x000003J6V3AAK,EMEA_ESMB_FRCEN_FR_1_02_GRB_TempCoverage_08A
Postal_Codes__c,45224,a1u7x000003J5onAAC,EMEA_ESMB_SOUTH_IB_02_ES_GRB_6B
Postal_Codes__c,48032,a1u7x000003J3QPAA0,EMEA_ESMB_SOUTH_IT_02_GRB_04
Postal_Codes__c,77320,a1u7x000003J4uGAAS,EMEA_ESMB_FRCEN_FR_1_03_SB_TempCoverage_02B
Postal_Codes__c,63940,a1u7x000003J86oAAC,EMEA_ESMB_FRCEN_FR_1_01_GRB_05A
Postal_Codes__c,20019,a1u7x000003J7djAAC,EMEA_ESMB_SOUTH_IT_01_GRB_06A
Postal_Codes__c,62590,a1u7x000003IzrOAAS,EMEA_ESMB_FRCEN_FR_1_04_GRB_06A
Postal_Codes__c,25520,a1u7x000003J1reAAC,EMEA_ESMB_SOUTH_IB_03_ES_RET_TTH_GRB_TempCoverage_LOA_4B
Postal_Codes__c,454,a1u7x000003Iz28AAC,EMEA_CENTRAL_DEAT_REG_AT_CMRCL_MM_03B
Postal_Codes__c,81990,a1u7x000003J4uIAAS,EMEA_ESMB_FRCEN_FR_1_03_SB_03A
Postal_Codes__c,62740,a1u7x000003J4xbAAC,EMEA_ESMB_FRCEN_FR_1_01_SB_02A
Postal_Codes__c,48600,a1u7x000003J1rgAAC,EMEA_ESMB_FRCEN_FR_1_02_SB_03A
Postal_Codes__c,35002,a1u7x000003J68PAAS,EMEA_ESMB_SOUTH_IB_03_ES_RET_TTH_GRB_3A
Postal_Codes__c,69490,a1u7x000003J7KvAAK,EMEA_ESMB_FRCEN_FR_1_02_SB_01
Postal_Codes__c,98774,a1u7x000003J5vJAAS,EMEA_ESMB_FRCEN_FR_2_05_SB_01A
Postal_Codes__c,867,a1u7x000003IzgJAAS,EMEA_ESMB_NORTH_NOR_FI_GRB_02B
Postal_Codes__c,90045,a1u7x000003J61hAAC,EMEA_ESMB_SOUTH_IT_01_SB_03A
Postal_Codes__c,20157,a1u7x000003J2M9AAK,EMEA_FRANCE_MMR_CATCHALL_GB_RG
Postal_Codes__c,84135,a1u7x000003J1Q9AAK,EMEA_ESMB_SOUTH_IT_02_SB_03A
Postal_Codes__c,49124,a1u7x000003IyBfAAK,EMEA_ESMB_FRCEN_FR_1_01_SB_04A
Postal_Codes__c,59222,a1u7x000003IzrOAAS,EMEA_ESMB_FRCEN_FR_1_04_GRB_06A
Postal_Codes__c,79170,a1u7x000003J2kNAAS,EMEA_ESMB_FRCEN_FR_1_03_GRB_05A
Postal_Codes__c,50298,a1u7x000003J1rcAAC,EMEA_ESMB_SOUTH_IB_03_ES_RET_TTH_SB_2B
Postal_Codes__c,43220,a1u7x000003J6V4AAK,EMEA_ESMB_FRCEN_FR_1_02_GRB_06A
Postal_Codes__c,54590,a1u7x000003J4KsAAK,EMEA_ESMB_FRCEN_FR_2_06_SB_04A
Postal_Codes__c,BT51,a1u7x000003J6sLAAS,EMEA_ESMB_UKI_UK_SB_01_08
Postal_Codes__c,33430,a1u7x000003J3KSAA0,EMEA_ESMB_FRCEN_FR_1_04_SB_04A
Postal_Codes__c,28320,a1u7x000003J7fYAAS,EMEA_ESMB_FRCEN_FR_2_05_SB_02A
Postal_Codes__c,713,a1u7x000003J870AAC,EMEA_ESMB_FRCEN_CEN_CHAT_01_CH_SB_RCG_07C
Postal_Codes__c,220,a1u7x000003J86zAAC,EMEA_ESMB_FRCEN_CEN_CHAT_01_CH_GRB_RCG_07B
Postal_Codes__c,981,a1u7x000003IzgJAAS,EMEA_ESMB_NORTH_NOR_FI_GRB_02B
Postal_Codes__c,7633,a1u7x000003J3AGAA0,EMEA_ESMB_SOUTH_IL_03_SB_TempCoverage_02
Postal_Codes__c,20256,a1u7x000003J5vJAAS,EMEA_ESMB_FRCEN_FR_2_05_SB_01A
Postal_Codes__c,59110,a1u7x000003J5C3AAK,EMEA_ESMB_FRCEN_FR_2_06_SB_02A
Postal_Codes__c,671,a1u7x000003IyX7AAK,EMEA_ESMB_NORTH_NOR_NO_SB_05B
Postal_Codes__c,GU22,a1u7x000003J1GFAA0,EMEA_ESMB_UKI_UK_GRB3_TempCoverage_03A
Postal_Codes__c,23896,a1u7x000003J21JAAS,EMEA_ESMB_SOUTH_IT_03_GRB_06A
Postal_Codes__c,17310,a1u7x000003J4GZAA0,EMEA_ESMB_SOUTH_IB_01_ES_SB_2B
Postal_Codes__c,44521,a1u7x000003IzrOAAS,EMEA_ESMB_FRCEN_FR_1_04_GRB_06A
Postal_Codes__c,30000,a1u7x000003IzGuAAK,EMEA_ESMB_FRCEN_FR_1_02_GRB_07A
Postal_Codes__c,56560,a1u7x000003J6V3AAK,EMEA_ESMB_FRCEN_FR_1_02_GRB_TempCoverage_08A
Postal_Codes__c,50110,a1u7x000003J2hEAAS,EMEA_ESMB_FRCEN_FR_1_03_GRB_07A
Postal_Codes__c,82018,a1u7x000003J392AAC,EMEA_ESMB_SOUTH_IT_03_SB_04
Postal_Codes__c,20620,a1u7x000003J6XuAAK,EMEA_ESMB_FRCEN_FR_1_01_SB_03A
Postal_Codes__c,17468,a1u7x000003J1reAAC,EMEA_ESMB_SOUTH_IB_03_ES_RET_TTH_GRB_TempCoverage_LOA_4B
Postal_Codes__c,95170,a1u7x000003IzGtAAK,EMEA_ESMB_FRCEN_FR_1_02_GRB_07B
Postal_Codes__c,48017,a1u7x000003J21IAAS,EMEA_ESMB_SOUTH_IT_03_SB_TempCoverage_01A
Postal_Codes__c,44740,a1u7x000003IyBfAAK,EMEA_ESMB_FRCEN_FR_1_01_SB_04A
Postal_Codes__c,67530,a1u7x000003J2M9AAK,EMEA_FRANCE_MMR_CATCHALL_GB_RG
Postal_Codes__c,60125,a1u7x000003J3s3AAC,EMEA_ESMB_SOUTH_IT_02_GRB_06A
Postal_Codes__c,79180,a1u7x000003J4dbAAC,EMEA_ESMB_FRCEN_FR_1_01_GRB_TempCoverage_06A
Postal_Codes__c,50490,a1u7x000003IzrOAAS,EMEA_ESMB_FRCEN_FR_1_04_GRB_06A
Postal_Codes__c,85440,a1u7x000003J7fbAAC,EMEA_ESMB_FRCEN_FR_1_03_SB_TempCoverage_04A
Postal_Codes__c,5844,a1u7x000003J2KeAAK,EMEA_ESMB_SOUTH_IL_02_SB_04
Postal_Codes__c,227,a1u7x000003J477AAC,EMEA_ESMB_NORTH_NL_01_SB_04B
Postal_Codes__c,37260,a1u7x000003J3KSAA0,EMEA_ESMB_FRCEN_FR_1_04_SB_04A
Postal_Codes__c,KW1,a1u7x000003J6wDAAS,NP_EMEA_NGO_UKI_MM_03
Postal_Codes__c,463,a1u7x000003IvZRAA0,EMEA_ESMB_NORTH_BELUX_GRB_FR_04A
Postal_Codes__c,121,a1u7x000003J2E5AAK,EMEA_ESMB_NORTH_NL_01_SB_05A
Postal_Codes__c,91350,a1u7x000003J1nYAAS,EMEA_ESMB_FRCEN_FR_2_06_GRB_LOA_TempCoverage_07B
Postal_Codes__c,77320,a1u7x000003J1nYAAS,EMEA_ESMB_FRCEN_FR_2_06_GRB_LOA_TempCoverage_07B
Postal_Codes__c,41800,a1u7x000003J8LGAA0,EMEA_ESMB_FRCEN_FR_1_02_SB_04A
Postal_Codes__c,21700,a1u7x000003J2M9AAK,EMEA_FRANCE_MMR_CATCHALL_GB_RG
Postal_Codes__c,90147,a1u7x000003J392AAC,EMEA_ESMB_SOUTH_IT_03_SB_04
Postal_Codes__c,98765,a1u7x000003J4ntAAC,EMEA_ESMB_FRCEN_FR_1_03_GRB_06A
Postal_Codes__c,142,a1u7x000003Iz5nAAC,EMEA_CENTRAL_DEAT_REG_AT_CMRCL_MM_05B
Postal_Codes__c,89041,a1u7x000003J61hAAC,EMEA_ESMB_SOUTH_IT_01_SB_03A
Postal_Codes__c,83820,a1u7x000003J86oAAC,EMEA_ESMB_FRCEN_FR_1_01_GRB_05A
Postal_Codes__c,20875,a1u7x000003J21JAAS,EMEA_ESMB_SOUTH_IT_03_GRB_06A
Postal_Codes__c,49710,a1u7x000003J7fYAAS,EMEA_ESMB_FRCEN_FR_2_05_SB_02A
Postal_Codes__c,32670,a1u7x000003J0ECAA0,EMEA_ESMB_SOUTH_IB_01_ES_GRB_5B
Postal_Codes__c,44640,a1u7x000003J8LGAA0,EMEA_ESMB_FRCEN_FR_1_02_SB_04A
Postal_Codes__c,38850,a1u7x000003J7KvAAK,EMEA_ESMB_FRCEN_FR_1_02_SB_01
Postal_Codes__c,84410,a1u7x000003J2kNAAS,EMEA_ESMB_FRCEN_FR_1_03_GRB_05A
Postal_Codes__c,36070,a1u7x000003J3QQAA0,EMEA_ESMB_SOUTH_IT_02_SB_TempCoverage_01A
Postal_Codes__c,14546,a1u7x000003J4juAAC,EMEA_ESMB_SOUTH_IB_02_ES_SB_2B
Postal_Codes__c,5251,a1u7x000003J47tAAC,EMEA_ESMB_SOUTH_IL_01_GRB_05B
Postal_Codes__c,TA19,a1u7x000003J30cAAC,EMEA_ESMB_UKI_UK_SB_FINS_05
Postal_Codes__c,HR1,a1u7x000003J1exAAC,EMEA_ESMB_UKI_UK_GRB1_04_LOA_TempCoverage_01B
Postal_Codes__c,13005,a1u7x000003J1nWAAS,EMEA_ESMB_FRCEN_FR_2_06_GRB_08A
Postal_Codes__c,25085,a1u7x000003J7djAAC,EMEA_ESMB_SOUTH_IT_01_GRB_06A
Postal_Codes__c,57680,a1u7x000003J2kNAAS,EMEA_ESMB_FRCEN_FR_1_03_GRB_05A
Postal_Codes__c,34600,a1u7x000003J1rgAAC,EMEA_ESMB_FRCEN_FR_1_02_SB_03A
Postal_Codes__c,11260,a1u7x000003IzGuAAK,EMEA_ESMB_FRCEN_FR_1_02_GRB_07A
Postal_Codes__c,185,a1u7x000003J5M2AAK,EMEA_ESMB_NORTH_BELUX_SB_FL_07A
Postal_Codes__c,M17,a1u7x000003J6sLAAS,EMEA_ESMB_UKI_UK_SB_01_08
Postal_Codes__c,62710,a1u7x000003J4xbAAC,EMEA_ESMB_FRCEN_FR_1_01_SB_02A
Postal_Codes__c,36360,a1u7x000003J68PAAS,EMEA_ESMB_SOUTH_IB_03_ES_RET_TTH_GRB_3A
Postal_Codes__c,184,a1u7x000003J24eAAC,EMEA_ESMB_FRCEN_CEN_CHAT_02_CH_SB_02B
Postal_Codes__c,39140,a1u7x000003J6V4AAK,EMEA_ESMB_FRCEN_FR_1_02_GRB_06A
Postal_Codes__c,22950,a1u7x000003J7fbAAC,EMEA_ESMB_FRCEN_FR_1_03_SB_TempCoverage_04A
Postal_Codes__c,29810,a1u7x000003J7fbAAC,EMEA_ESMB_FRCEN_FR_1_03_SB_TempCoverage_04A
Postal_Codes__c,62850,a1u7x000003J4xbAAC,EMEA_ESMB_FRCEN_FR_1_01_SB_02A
Postal_Codes__c,6215,a1u7x000003J3LXAA0,EMEA_ESMB_SOUTH_IL_02_SB_03A
Postal_Codes__c,65330,a1u7x000003J6XuAAK,EMEA_ESMB_FRCEN_FR_1_01_SB_03A
Postal_Codes__c,882,a1u7x000003Iz5sAAC,EMEA_CENTRAL_DEAT_REG_AT_CMRCL_MM_05A
Postal_Codes__c,50310,a1u7x000003J3KSAA0,EMEA_ESMB_FRCEN_FR_1_04_SB_04A
Postal_Codes__c,GY10,a1u7x000003J7PZAA0,EMEA_ESMB_UKI_UK_SB_01_06
Postal_Codes__c,91890,a1u7x000003IzGtAAK,EMEA_ESMB_FRCEN_FR_1_02_GRB_07B
Postal_Codes__c,79110,a1u7x000003IyBfAAK,EMEA_ESMB_FRCEN_FR_1_01_SB_04A
Postal_Codes__c,86330,a1u7x000003J6hgAAC,EMEA_ESMB_FRCEN_FR_1_02_SB_05A
Postal_Codes__c,22214,a1u7x000003J1rcAAC,EMEA_ESMB_SOUTH_IB_03_ES_RET_TTH_SB_2B
Postal_Codes__c,HS7,a1u7x000003J1S3AAK,EMEA_ESMB_UKI_UK_GRB_FINS_01
Postal_Codes__c,104,a1u7x000003J7ywAAC,EMEA_ESMB_FRCEN_CEN_CHAT_02_CH_SB_03B
Postal_Codes__c,56880,a1u7x000003J7fYAAS,EMEA_ESMB_FRCEN_FR_2_05_SB_02A
Postal_Codes__c,57370,a1u7x000003IzrOAAS,EMEA_ESMB_FRCEN_FR_1_04_GRB_06A
Postal_Codes__c,41100,a1u7x000003IzrOAAS,EMEA_ESMB_FRCEN_FR_1_04_GRB_06A
Postal_Codes__c,91015,a1u7x000003J61hAAC,EMEA_ESMB_SOUTH_IT_01_SB_03A
Postal_Codes__c,89380,a1u7x000003J38lAAC,EMEA_ESMB_FRCEN_FR_2_06_SB_01A
Postal_Codes__c,45650,a1u7x000003J7fYAAS,EMEA_ESMB_FRCEN_FR_2_05_SB_02A
Postal_Codes__c,97011,a1u7x000003J2pnAAC,EMEA_ESMB_SOUTH_IT_01_GRB_05A
Postal_Codes__c,963,a1u7x000003J4NMAA0,EMEA_ESMB_NORTH_NOR_DK_SB_05B
Postal_Codes__c,41500,a1u7x000003J68PAAS,EMEA_ESMB_SOUTH_IB_03_ES_RET_TTH_GRB_3A
Postal_Codes__c,46002,a1u7x000003J0EBAA0,EMEA_ESMB_SOUTH_IB_01_ES_GRB_TempCoverage_7B
Postal_Codes__c,31580,a1u7x000003J2kNAAS,EMEA_ESMB_FRCEN_FR_1_03_GRB_05A
Postal_Codes__c,65220,a1u7x000003J2cZAAS,EMEA_ESMB_FRCEN_FR_2_05_SB_TempCoverage_05A
Postal_Codes__c,952,a1u7x000003J5h8AAC,EMEA_CENTRAL_DEAT_REG_AT_CMRCL_MM_06A
Postal_Codes__c,ME16,a1u7x000003J6ZYAA0,NP_EMEA_NGO_UKI_MM_01
Postal_Codes__c,20147,a1u7x000003J4ntAAC,EMEA_ESMB_FRCEN_FR_1_03_GRB_06A
Postal_Codes__c,10046,a1u7x000003J37HAAS,EMEA_ESMB_SOUTH_IT_01_SB_TempCoverage_02A
Postal_Codes__c,47160,a1u7x000003J7fbAAC,EMEA_ESMB_FRCEN_FR_1_03_SB_TempCoverage_04A
Postal_Codes__c,91210,a1u7x000003J2XgAAK,EMEA_ESMB_FRCEN_FR_2_06_SB_01B
Postal_Codes__c,253,a1u7x000003J6zOAAS,EMEA_CENTRAL_DEAT_REG_DE_CMRCL_MM_HHB_03
Postal_Codes__c,5137,a1u7x000003J238AAC,EMEA_ESMB_SOUTH_IL_02_GRB_06A
Postal_Codes__c,29890,a1u7x000003J8LGAA0,EMEA_ESMB_FRCEN_FR_1_02_SB_04A
Postal_Codes__c,76800,a1u7x000003J4dbAAC,EMEA_ESMB_FRCEN_FR_1_01_GRB_TempCoverage_06A
Postal_Codes__c,WF90,a1u7x000003J3XCAA0,EMEA_ESMB_UKI_UK_GRB_FINS_02
Postal_Codes__c,PO30,a1u7x000003J1S4AAK,EMEA_ESMB_UKI_UK_GRB_FINS_LOA_TempCoverage_05a
Postal_Codes__c,50750,a1u7x000003IxrSAAS,EMEA_ESMB_SOUTH_IB_01_ES_SB_TempCoverage_1B
Postal_Codes__c,SP4,a1u7x000003J30cAAC,EMEA_ESMB_UKI_UK_SB_FINS_05
Postal_Codes__c,NG22,a1u7x000003J1dOAAS,EMEA_ESMB_UKI_UK_SB_02_TempCoverage_04
Postal_Codes__c,765,a1u7x000003J7fUAAS,EMEA_ESMB_NORTH_NOR_FI_SB_06B
Postal_Codes__c,46388,a1u7x000003J1rcAAC,EMEA_ESMB_SOUTH_IB_03_ES_RET_TTH_SB_2B
Postal_Codes__c,88160,a1u7x000003J4xbAAC,EMEA_ESMB_FRCEN_FR_1_01_SB_02A
Postal_Codes__c,65000,a1u7x000003J2cZAAS,EMEA_ESMB_FRCEN_FR_2_05_SB_TempCoverage_05A
Postal_Codes__c,98812,a1u7x000003J4ntAAC,EMEA_ESMB_FRCEN_FR_1_03_GRB_06A
Postal_Codes__c,GL15,a1u7x000003Iv2KAAS,EMEA_ESMB_UKI_UK_SB_FINS_TempCoverage_04B
Postal_Codes__c,WR3,a1u7x000003Iv2KAAS,EMEA_ESMB_UKI_UK_SB_FINS_TempCoverage_04B
Postal_Codes__c,22468,a1u7x000003J0ECAA0,EMEA_ESMB_SOUTH_IB_01_ES_GRB_5B
Postal_Codes__c,64500,a1u7x000003J6V3AAK,EMEA_ESMB_FRCEN_FR_1_02_GRB_TempCoverage_08A
Postal_Codes__c,601,a1u7x000003J5RBAA0,EMEA_ESMB_FRCEN_CEN_CHAT_01_CH_SB_03B
Postal_Codes__c,14111,a1u7x000003J2kNAAS,EMEA_ESMB_FRCEN_FR_1_03_GRB_05A
Postal_Codes__c,26014,a1u7x000003J2ZUAA0,EMEA_ESMB_SOUTH_IT_03_SB_02A
Postal_Codes__c,83700,a1u7x000003IzGuAAK,EMEA_ESMB_FRCEN_FR_1_02_GRB_07A
Postal_Codes__c,DT10,a1u7x000003J30cAAC,EMEA_ESMB_UKI_UK_SB_FINS_05
Postal_Codes__c,43440,a1u7x000003J4ntAAC,EMEA_ESMB_FRCEN_FR_1_03_GRB_06A
Postal_Codes__c,139,a1u7x000003J4MkAAK,EMEA_ESMB_NORTH_NL_01_GRB_03A
Postal_Codes__c,SK12,a1u7x000003J2uEAAS,NP_EMEA_NGO_UKI_MM_02
Postal_Codes__c,223,a1u7x000003J7fWAAS,EMEA_ESMB_NORTH_NOR_FI_SB_05B
Postal_Codes__c,76430,a1u7x000003J3KSAA0,EMEA_ESMB_FRCEN_FR_1_04_SB_04A
Postal_Codes__c,TN27,a1u7x000003J2PpAAK,EMEA_ESMB_UKI_UK_GRB_FINS_07
Postal_Codes__c,69550,a1u7x000003J7KvAAK,EMEA_ESMB_FRCEN_FR_1_02_SB_01
Postal_Codes__c,162,a1u7x000003J5hDAAS,EMEA_NORTH_BELUX_CMRCL_MM_RCG_01
Postal_Codes__c,45500,a1u7x000003J4dbAAC,EMEA_ESMB_FRCEN_FR_1_01_GRB_TempCoverage_06A
Postal_Codes__c,30120,a1u7x000003J2kNAAS,EMEA_ESMB_FRCEN_FR_1_03_GRB_05A
Postal_Codes__c,28440,a1u7x000003J1f4AAC,EMEA_ESMB_SOUTH_IB_02_ES_SB_3B
Postal_Codes__c,50110,a1u7x000003J4dbAAC,EMEA_ESMB_FRCEN_FR_1_01_GRB_TempCoverage_06A
Postal_Codes__c,20850,a1u7x000003J1reAAC,EMEA_ESMB_SOUTH_IB_03_ES_RET_TTH_GRB_TempCoverage_LOA_4B
Postal_Codes__c,25195,a1u7x000003J1reAAC,EMEA_ESMB_SOUTH_IB_03_ES_RET_TTH_GRB_TempCoverage_LOA_4B
Postal_Codes__c,39012,a1u7x000003J1raAAC,EMEA_ESMB_SOUTH_IB_03_ES_RET_TTH_SB_1B
Postal_Codes__c,67850,a1u7x000003J4uFAAS,EMEA_ESMB_FRCEN_FR_1_03_SB_TempCoverage_02A
Postal_Codes__c,9546,a1u7x000003J5jyAAC,EMEA_ESMB_SOUTH_IL_01_GRB_06B
Postal_Codes__c,25370,a1u7x000003IzrOAAS,EMEA_ESMB_FRCEN_FR_1_04_GRB_06A
Postal_Codes__c,1607,a1u7x000003J5jzAAC,EMEA_ESMB_SOUTH_IL_01_GRB_06C
Postal_Codes__c,WV11,a1u7x000003J3EiAAK,EMEA_ESMB_UKI_UK_GRB_FINS_04
Postal_Codes__c,189,a1u7x000003J24eAAC,EMEA_ESMB_FRCEN_CEN_CHAT_02_CH_SB_02B
Postal_Codes__c,159,a1u7x000003J2uCAAS,EMEA_ESMB_NORTH_NOR_FI_GRB_03A
Postal_Codes__c,13009,a1u7x000003J1rgAAC,EMEA_ESMB_FRCEN_FR_1_02_SB_03A
Postal_Codes__c,44470,a1u7x000003IyBfAAK,EMEA_ESMB_FRCEN_FR_1_01_SB_04A
Postal_Codes__c,98813,a1u7x000003J5vJAAS,EMEA_ESMB_FRCEN_FR_2_05_SB_01A
Postal_Codes__c,77910,a1u7x000003J2XgAAK,EMEA_ESMB_FRCEN_FR_2_06_SB_01B
Postal_Codes__c,46024,a1u7x000003J0EBAA0,EMEA_ESMB_SOUTH_IB_01_ES_GRB_TempCoverage_7B
Postal_Codes__c,652,a1u7x000003IymgAAC,EMEA_ESMB_NORTH_NOR_NO_GRB_02B
Postal_Codes__c,45516,a1u7x000003J68PAAS,EMEA_ESMB_SOUTH_IB_03_ES_RET_TTH_GRB_3A
Postal_Codes__c,50195,a1u7x000003IxrSAAS,EMEA_ESMB_SOUTH_IB_01_ES_SB_TempCoverage_1B
Postal_Codes__c,95033,a1u7x000003J2pnAAC,EMEA_ESMB_SOUTH_IT_01_GRB_05A
Postal_Codes__c,35260,a1u7x000003J5onAAC,EMEA_ESMB_SOUTH_IB_02_ES_GRB_6B
Postal_Codes__c,86530,a1u7x000003J6hgAAC,EMEA_ESMB_FRCEN_FR_1_02_SB_05A
Postal_Codes__c,48018,a1u7x000003J21IAAS,EMEA_ESMB_SOUTH_IT_03_SB_TempCoverage_01A
Postal_Codes__c,25290,a1u7x000003J1reAAC,EMEA_ESMB_SOUTH_IB_03_ES_RET_TTH_GRB_TempCoverage_LOA_4B
Postal_Codes__c,139,a1u7x000003J7p3AAC,EMEA_ESMB_NORTH_NL_03_SB_06A
Postal_Codes__c,28360,a1u7x000003J6V3AAK,EMEA_ESMB_FRCEN_FR_1_02_GRB_TempCoverage_08A
Postal_Codes__c,4528,a1u7x000003J1Z6AAK,EMEA_ESMB_SOUTH_IL_03_SB_TempCoverage_03C
Postal_Codes__c,17251,a1u7x000003J1reAAC,EMEA_ESMB_SOUTH_IB_03_ES_RET_TTH_GRB_TempCoverage_LOA_4B
Postal_Codes__c,38730,a1u7x000003J4dZAAS,EMEA_ESMB_FRCEN_FR_1_01_SB_01A
Postal_Codes__c,89530,a1u7x000003J7KvAAK,EMEA_ESMB_FRCEN_FR_1_02_SB_01
Postal_Codes__c,924,a1u7x000003J4pQAAS,EMEA_NORTH_BELUX_CMRCL_MM_MAE_01
Postal_Codes__c,80011,a1u7x000003J3s5AAC,EMEA_ESMB_SOUTH_IT_02_GRB_TempCoverage_05A
Postal_Codes__c,8901,a1u7x000003J6IHAA0,EMEA_ESMB_SOUTH_IL_02_SB_01B
Postal_Codes__c,26420,a1u7x000003J7PXAA0,EMEA_ESMB_FRCEN_FR_1_04_SB_01A
Postal_Codes__c,823,a1u7x000003J3tlAAC,EMEA_ESMB_NORTH_NOR_SE_SB_09B
Postal_Codes__c,87074,a1u7x000003J61hAAC,EMEA_ESMB_SOUTH_IT_01_SB_03A
Postal_Codes__c,12360,a1u7x000003J2cZAAS,EMEA_ESMB_FRCEN_FR_2_05_SB_TempCoverage_05A
Postal_Codes__c,80025,a1u7x000003J61hAAC,EMEA_ESMB_SOUTH_IT_01_SB_03A
Postal_Codes__c,29760,a1u7x000003J5onAAC,EMEA_ESMB_SOUTH_IB_02_ES_GRB_6B
Postal_Codes__c,39593,a1u7x000003J1reAAC,EMEA_ESMB_SOUTH_IB_03_ES_RET_TTH_GRB_TempCoverage_LOA_4B
Postal_Codes__c,28010,a1u7x000003J1gGAAS,EMEA_ESMB_SOUTH_IT_02_GRB_07
Postal_Codes__c,9381,a1u7x000003J5LRAA0,EMEA_ESMB_SOUTH_IL_03_GRB_05C
Postal_Codes__c,59116,a1u7x000003J2hEAAS,EMEA_ESMB_FRCEN_FR_1_03_GRB_07A
Postal_Codes__c,36214,a1u7x000003J68PAAS,EMEA_ESMB_SOUTH_IB_03_ES_RET_TTH_GRB_3A
Postal_Codes__c,SS12,a1u7x000003J1GGAA0,EMEA_ESMB_UKI_UK_GRB3_06
Postal_Codes__c,59271,a1u7x000003J2M9AAK,EMEA_FRANCE_MMR_CATCHALL_GB_RG
Postal_Codes__c,57290,a1u7x000003IzrOAAS,EMEA_ESMB_FRCEN_FR_1_04_GRB_06A
Postal_Codes__c,31450,a1u7x000003J2kNAAS,EMEA_ESMB_FRCEN_FR_1_03_GRB_05A
Postal_Codes__c,28695,a1u7x000003J4CtAAK,EMEA_ESMB_SOUTH_IB_02_ES_GRB_TempCoverage_8B
Postal_Codes__c,30385,a1u7x000003J68PAAS,EMEA_ESMB_SOUTH_IB_03_ES_RET_TTH_GRB_3A
Postal_Codes__c,BA13,a1u7x000003J30cAAC,EMEA_ESMB_UKI_UK_SB_FINS_05
Postal_Codes__c,34120,a1u7x000003J4uIAAS,EMEA_ESMB_FRCEN_FR_1_03_SB_03A
Postal_Codes__c,981,a1u7x000003J5h8AAC,EMEA_CENTRAL_DEAT_REG_AT_CMRCL_MM_06A
Postal_Codes__c,26260,a1u7x000003J4g9AAC,EMEA_ESMB_FRCEN_FR_1_03_SB_01A
Postal_Codes__c,688,a1u7x000003J2u2AAC,EMEA_ESMB_NORTH_NOR_FI_GRB_01B
Postal_Codes__c,891,a1u7x000003J7fUAAS,EMEA_ESMB_NORTH_NOR_FI_SB_06B
Postal_Codes__c,1499,a1u7x000003J5XIAA0,EMEA_ESMB_SOUTH_IB_03_PT_GRB_7A
Postal_Codes__c,98709,a1u7x000003IzGuAAK,EMEA_ESMB_FRCEN_FR_1_02_GRB_07A
Postal_Codes__c,49010,a1u7x000003J5onAAC,EMEA_ESMB_SOUTH_IB_02_ES_GRB_6B
Postal_Codes__c,63230,a1u7x000003J86oAAC,EMEA_ESMB_FRCEN_FR_1_01_GRB_05A
Postal_Codes__c,9535,a1u7x000003J5jyAAC,EMEA_ESMB_SOUTH_IL_01_GRB_06B
Postal_Codes__c,98755,a1u7x000003J4uIAAS,EMEA_ESMB_FRCEN_FR_1_03_SB_03A
Postal_Codes__c,15350,a1u7x000003J7PXAA0,EMEA_ESMB_FRCEN_FR_1_04_SB_01A
Postal_Codes__c,492,a1u7x000003J3ewAAC,EMEA_ESMB_NORTH_NL_03_GRB_02B
Postal_Codes__c,EC3N,a1u7x000003J2TKAA0,EMEA_ESMB_UKI_UK_SB_04_LOA_TempCoverage_08
Postal_Codes__c,2590,a1u7x000003J433AAC,EMEA_ESMB_SOUTH_IB_03_PT_GRB_6A
Postal_Codes__c,39798,a1u7x000003J1reAAC,EMEA_ESMB_SOUTH_IB_03_ES_RET_TTH_GRB_TempCoverage_LOA_4B
Postal_Codes__c,DN36,a1u7x000003J3K7AAK,EMEA_ESMB_UKI_UK_SB_02_03
Postal_Codes__c,76160,a1u7x000003J6V3AAK,EMEA_ESMB_FRCEN_FR_1_02_GRB_TempCoverage_08A
Postal_Codes__c,54120,a1u7x000003J2M9AAK,EMEA_FRANCE_MMR_CATCHALL_GB_RG
Postal_Codes__c,80960,a1u7x000003J3FBAA0,EMEA_ESMB_FRCEN_FR_2_05_GRB_07A
Postal_Codes__c,76860,a1u7x000003J2hEAAS,EMEA_ESMB_FRCEN_FR_1_03_GRB_07A
Postal_Codes__c,17470,a1u7x000003J1reAAC,EMEA_ESMB_SOUTH_IB_03_ES_RET_TTH_GRB_TempCoverage_LOA_4B
Postal_Codes__c,50620,a1u7x000003IyBfAAK,EMEA_ESMB_FRCEN_FR_1_01_SB_04A
Postal_Codes__c,21390,a1u7x000003IzrNAAS,EMEA_ESMB_FRCEN_FR_1_04_GRB_LOA_TempCoverage_05A
Postal_Codes__c,63450,a1u7x000003J4EUAA0,EMEA_ESMB_FRCEN_FR_2_06_SB_03A
Postal_Codes__c,BR6,a1u7x000003J2PpAAK,EMEA_ESMB_UKI_UK_GRB_FINS_07
Postal_Codes__c,98793,a1u7x000003J4uIAAS,EMEA_ESMB_FRCEN_FR_1_03_SB_03A
Postal_Codes__c,N1P,a1u7x000003J6wDAAS,NP_EMEA_NGO_UKI_MM_03
Postal_Codes__c,337,a1u7x000003J2uCAAS,EMEA_ESMB_NORTH_NOR_FI_GRB_03A
Postal_Codes__c,58014,a1u7x000003J3s3AAC,EMEA_ESMB_SOUTH_IT_02_GRB_06A
Postal_Codes__c,M23,a1u7x000003J30cAAC,EMEA_ESMB_UKI_UK_SB_FINS_05
Postal_Codes__c,64410,a1u7x000003J6V3AAK,EMEA_ESMB_FRCEN_FR_1_02_GRB_TempCoverage_08A
Postal_Codes__c,26570,a1u7x000003J4g9AAC,EMEA_ESMB_FRCEN_FR_1_03_SB_01A
Postal_Codes__c,77140,a1u7x000003J2kMAAS,EMEA_ESMB_FRCEN_FR_1_03_GRB_05B
Postal_Codes__c,901,a1u7x000003IzgJAAS,EMEA_ESMB_NORTH_NOR_FI_GRB_02B
Postal_Codes__c,CB10,a1u7x000003J2PpAAK,EMEA_ESMB_UKI_UK_GRB_FINS_07
Postal_Codes__c,26900,a1u7x000003J21JAAS,EMEA_ESMB_SOUTH_IT_03_GRB_06A
Postal_Codes__c,65490,a1u7x000003IzGuAAK,EMEA_ESMB_FRCEN_FR_1_02_GRB_07A
Postal_Codes__c,27300,a1u7x000003J3KSAA0,EMEA_ESMB_FRCEN_FR_1_04_SB_04A
Postal_Codes__c,64270,a1u7x000003IyBfAAK,EMEA_ESMB_FRCEN_FR_1_01_SB_04A
Postal_Codes__c,59259,a1u7x000003J2mHAAS,EMEA_ESMB_FRCEN_FR_1_04_SB_02
Postal_Codes__c,987,a1u7x000003J5hDAAS,EMEA_NORTH_BELUX_CMRCL_MM_RCG_01
Postal_Codes__c,91220,a1u7x000003J4uGAAS,EMEA_ESMB_FRCEN_FR_1_03_SB_TempCoverage_02B
Postal_Codes__c,918,a1u7x000003Iz5nAAC,EMEA_CENTRAL_DEAT_REG_AT_CMRCL_MM_05B
Postal_Codes__c,9675,a1u7x000003J5k0AAC,EMEA_ESMB_SOUTH_IL_01_SB_TempCoverage_03B
Postal_Codes__c,33860,a1u7x000003IyBfAAK,EMEA_ESMB_FRCEN_FR_1_01_SB_04A
Postal_Codes__c,13014,a1u7x000003J4uIAAS,EMEA_ESMB_FRCEN_FR_1_03_SB_03A
Postal_Codes__c,28040,a1u7x000003J7djAAC,EMEA_ESMB_SOUTH_IT_01_GRB_06A
Postal_Codes__c,33410,a1u7x000003J4dbAAC,EMEA_ESMB_FRCEN_FR_1_01_GRB_TempCoverage_06A
Postal_Codes__c,49490,a1u7x000003J7niAAC,EMEA_ESMB_FRCEN_FR_2_06_GRB_06A
Postal_Codes__c,34002,a1u7x000003J5onAAC,EMEA_ESMB_SOUTH_IB_02_ES_GRB_6B
Postal_Codes__c,383,a1u7x000003J1a9AAC,EMEA_ESMB_NORTH_NL_02_GRB_01B
Postal_Codes__c,68040,a1u7x000003J4uFAAS,EMEA_ESMB_FRCEN_FR_1_03_SB_TempCoverage_02A
Postal_Codes__c,13007,a1u7x000003J4uIAAS,EMEA_ESMB_FRCEN_FR_1_03_SB_03A
Postal_Codes__c,4726,a1u7x000003J2KeAAK,EMEA_ESMB_SOUTH_IL_02_SB_04
Postal_Codes__c,950,a1u7x000003J5lEAAS,EMEA_ESMB_FRCEN_CEN_DE_CEN_SB_07
Postal_Codes__c,5932,a1u7x000003J238AAC,EMEA_ESMB_SOUTH_IL_02_GRB_06A
Postal_Codes__c,27590,a1u7x000003J6hgAAC,EMEA_ESMB_FRCEN_FR_1_02_SB_05A
Postal_Codes__c,51260,a1u7x000003J2mHAAS,EMEA_ESMB_FRCEN_FR_1_04_SB_02
Postal_Codes__c,91100,a1u7x000003J2XgAAK,EMEA_ESMB_FRCEN_FR_2_06_SB_01B
Postal_Codes__c,78160,a1u7x000003J7PYAA0,EMEA_ESMB_FRCEN_FR_1_04_SB_01B
Postal_Codes__c,60170,a1u7x000003J2M9AAK,EMEA_FRANCE_MMR_CATCHALL_GB_RG
Postal_Codes__c,42330,a1u7x000003J5onAAC,EMEA_ESMB_SOUTH_IB_02_ES_GRB_6B
Postal_Codes__c,254,a1u7x000003J8GHAA0,EMEA_ESMB_FRCEN_CEN_DE_NTH2_SB_05
Postal_Codes__c,11096,a1u7x000003J1raAAC,EMEA_ESMB_SOUTH_IB_03_ES_RET_TTH_SB_1B
Postal_Codes__c,4420,a1u7x000003J5LRAA0,EMEA_ESMB_SOUTH_IL_03_GRB_05C
Postal_Codes__c,2620,a1u7x000003J433AAC,EMEA_ESMB_SOUTH_IB_03_PT_GRB_6A
Postal_Codes__c,205,a1u7x000003J86zAAC,EMEA_ESMB_FRCEN_CEN_CHAT_01_CH_GRB_RCG_07B
Postal_Codes__c,L70,a1u7x000003Iv2IAAS,EMEA_ESMB_UKI_UK_SB_FINS_TempCoverage_06C
Postal_Codes__c,50500,a1u7x000003J6hgAAC,EMEA_ESMB_FRCEN_FR_1_02_SB_05A
Postal_Codes__c,98793,a1u7x000003J86oAAC,EMEA_ESMB_FRCEN_FR_1_01_GRB_05A
Postal_Codes__c,BR2,a1u7x000003J2PpAAK,EMEA_ESMB_UKI_UK_GRB_FINS_07
Postal_Codes__c,30940,a1u7x000003J6XuAAK,EMEA_ESMB_FRCEN_FR_1_01_SB_03A
Postal_Codes__c,637,a1u7x000003IyX7AAK,EMEA_ESMB_NORTH_NOR_NO_SB_05B
Postal_Codes__c,20260,a1u7x000003IzrNAAS,EMEA_ESMB_FRCEN_FR_1_04_GRB_LOA_TempCoverage_05A
Postal_Codes__c,28140,a1u7x000003J68PAAS,EMEA_ESMB_SOUTH_IB_03_ES_RET_TTH_GRB_3A
Postal_Codes__c,69220,a1u7x000003J7PXAA0,EMEA_ESMB_FRCEN_FR_1_04_SB_01A
Postal_Codes__c,80013,a1u7x000003J2pnAAC,EMEA_ESMB_SOUTH_IT_01_GRB_05A
Postal_Codes__c,NE17,a1u7x000003J6sKAAS,EMEA_ESMB_UKI_UK_SB_01_LOA_TempCoverage_03A
Postal_Codes__c,49300,a1u7x000003J6V3AAK,EMEA_ESMB_FRCEN_FR_1_02_GRB_TempCoverage_08A
Postal_Codes__c,40320,a1u7x000003IzrOAAS,EMEA_ESMB_FRCEN_FR_1_04_GRB_06A
Postal_Codes__c,60131,a1u7x000003J3s3AAC,EMEA_ESMB_SOUTH_IT_02_GRB_06A
Postal_Codes__c,40240,a1u7x000003IyBfAAK,EMEA_ESMB_FRCEN_FR_1_01_SB_04A
Postal_Codes__c,17244,a1u7x000003J4GZAA0,EMEA_ESMB_SOUTH_IB_01_ES_SB_2B
Postal_Codes__c,32290,a1u7x000003J86oAAC,EMEA_ESMB_FRCEN_FR_1_01_GRB_05A
Postal_Codes__c,36300,a1u7x000003IyBfAAK,EMEA_ESMB_FRCEN_FR_1_01_SB_04A
Postal_Codes__c,28590,a1u7x000003J4CtAAK,EMEA_ESMB_SOUTH_IB_02_ES_GRB_TempCoverage_8B
Postal_Codes__c,63670,a1u7x000003J86oAAC,EMEA_ESMB_FRCEN_FR_1_01_GRB_05A
Postal_Codes__c,69002,a1u7x000003J7KvAAK,EMEA_ESMB_FRCEN_FR_1_02_SB_01
Postal_Codes__c,97119,a1u7x000003J6XtAAK,EMEA_ESMB_FRCEN_FR_1_01_SB_03B
Postal_Codes__c,3430,a1u7x000003J433AAC,EMEA_ESMB_SOUTH_IB_03_PT_GRB_6A
Postal_Codes__c,89600,a1u7x000003J7PXAA0,EMEA_ESMB_FRCEN_FR_1_04_SB_01A
Postal_Codes__c,50019,a1u7x000003IxrSAAS,EMEA_ESMB_SOUTH_IB_01_ES_SB_TempCoverage_1B
Postal_Codes__c,PE19,a1u7x000003J2uEAAS,NP_EMEA_NGO_UKI_MM_02
Postal_Codes__c,857,a1u7x000003J871AAC,EMEA_ESMB_FRCEN_CEN_CHAT_01_CH_GRB_RCG_07A
Postal_Codes__c,46725,a1u7x000003J0EBAA0,EMEA_ESMB_SOUTH_IB_01_ES_GRB_TempCoverage_7B
Postal_Codes__c,550,a1u7x000003J407AAC,EMEA_ESMB_NORTH_NL_02_GRB_02
Postal_Codes__c,430,a1u7x000003J870AAC,EMEA_ESMB_FRCEN_CEN_CHAT_01_CH_SB_RCG_07C
Postal_Codes__c,84083,a1u7x000003J1Q9AAK,EMEA_ESMB_SOUTH_IT_02_SB_03A
Postal_Codes__c,60350,a1u7x000003J3FBAA0,EMEA_ESMB_FRCEN_FR_2_05_GRB_07A
Postal_Codes__c,66180,a1u7x000003J2cZAAS,EMEA_ESMB_FRCEN_FR_2_05_SB_TempCoverage_05A
Postal_Codes__c,59013,a1u7x000003J3s3AAC,EMEA_ESMB_SOUTH_IT_02_GRB_06A
Postal_Codes__c,717,a1u7x000003J5IsAAK,EMEA_ESMB_NORTH_BELUX_SB_FR_TempCoverage_06B
Postal_Codes__c,200,a1u7x000003Iz5nAAC,EMEA_CENTRAL_DEAT_REG_AT_CMRCL_MM_05B
Postal_Codes__c,80134,a1u7x000003J4dbAAC,EMEA_ESMB_FRCEN_FR_1_01_GRB_TempCoverage_06A
Postal_Codes__c,L35,a1u7x000003J6hlAAC,EMEA_ESMB_UKI_UK_SB_02_LOA_TempCoverage_02A
Postal_Codes__c,17410,a1u7x000003J4dbAAC,EMEA_ESMB_FRCEN_FR_1_01_GRB_TempCoverage_06A
Postal_Codes__c,60960,a1u7x000003J2M9AAK,EMEA_FRANCE_MMR_CATCHALL_GB_RG
Postal_Codes__c,70310,a1u7x000003J4KsAAK,EMEA_ESMB_FRCEN_FR_2_06_SB_04A
Postal_Codes__c,20843,a1u7x000003J21JAAS,EMEA_ESMB_SOUTH_IT_03_GRB_06A
Postal_Codes__c,42140,a1u7x000003J1raAAC,EMEA_ESMB_SOUTH_IB_03_ES_RET_TTH_SB_1B
Postal_Codes__c,30393,a1u7x000003J68PAAS,EMEA_ESMB_SOUTH_IB_03_ES_RET_TTH_GRB_3A
Postal_Codes__c,970,a1u7x000003J5hDAAS,EMEA_NORTH_BELUX_CMRCL_MM_RCG_01
Postal_Codes__c,67112,a1u7x000003J2mHAAS,EMEA_ESMB_FRCEN_FR_1_04_SB_02
Postal_Codes__c,30240,a1u7x000003J2FjAAK,EMEA_ESMB_FRCEN_FR_1_04_SB_03A
Postal_Codes__c,589,a1u7x000003J7fUAAS,EMEA_ESMB_NORTH_NOR_FI_SB_06B
Postal_Codes__c,7290,a1u7x000003J2KfAAK,EMEA_ESMB_SOUTH_IL_02_GRB_TempCoverage_05B
Postal_Codes__c,20240,a1u7x000003J6XuAAK,EMEA_ESMB_FRCEN_FR_1_01_SB_03A
Postal_Codes__c,59125,a1u7x000003J4dbAAC,EMEA_ESMB_FRCEN_FR_1_01_GRB_TempCoverage_06A
Postal_Codes__c,78970,a1u7x000003J2kMAAS,EMEA_ESMB_FRCEN_FR_1_03_GRB_05B
Postal_Codes__c,61390,a1u7x000003IzrOAAS,EMEA_ESMB_FRCEN_FR_1_04_GRB_06A
Postal_Codes__c,82440,a1u7x000003J6XuAAK,EMEA_ESMB_FRCEN_FR_1_01_SB_03A
Postal_Codes__c,97411,a1u7x000003J7M0AAK,EMEA_ESMB_FRCEN_FR_2_06_SB_05A
Postal_Codes__c,74250,a1u7x000003J6V4AAK,EMEA_ESMB_FRCEN_FR_1_02_GRB_06A
Postal_Codes__c,88420,a1u7x000003J4KsAAK,EMEA_ESMB_FRCEN_FR_2_06_SB_04A
Postal_Codes__c,46017,a1u7x000003J21JAAS,EMEA_ESMB_SOUTH_IT_03_GRB_06A
Postal_Codes__c,22240,a1u7x000003J1rcAAC,EMEA_ESMB_SOUTH_IB_03_ES_RET_TTH_SB_2B
Postal_Codes__c,90134,a1u7x000003J2pnAAC,EMEA_ESMB_SOUTH_IT_01_GRB_05A
Postal_Codes__c,63840,a1u7x000003J4ntAAC,EMEA_ESMB_FRCEN_FR_1_03_GRB_06A
Postal_Codes__c,ST5,a1u7x000003J6wDAAS,NP_EMEA_NGO_UKI_MM_03
Postal_Codes__c,25035,a1u7x000003J1gGAAS,EMEA_ESMB_SOUTH_IT_02_GRB_07
Postal_Codes__c,13940,a1u7x000003J4ntAAC,EMEA_ESMB_FRCEN_FR_1_03_GRB_06A
Postal_Codes__c,40270,a1u7x000003J6V3AAK,EMEA_ESMB_FRCEN_FR_1_02_GRB_TempCoverage_08A
Postal_Codes__c,764,a1u7x000003J3tlAAC,EMEA_ESMB_NORTH_NOR_SE_SB_09B
Postal_Codes__c,342,a1u7x000003J871AAC,EMEA_ESMB_FRCEN_CEN_CHAT_01_CH_GRB_RCG_07A
Postal_Codes__c,69680,a1u7x000003J7KvAAK,EMEA_ESMB_FRCEN_FR_1_02_SB_01
Postal_Codes__c,85400,a1u7x000003IyBfAAK,EMEA_ESMB_FRCEN_FR_1_01_SB_04A
Postal_Codes__c,94018,a1u7x000003J2pnAAC,EMEA_ESMB_SOUTH_IT_01_GRB_05A
Postal_Codes__c,54980,a1u7x000003J4KsAAK,EMEA_ESMB_FRCEN_FR_2_06_SB_04A
Postal_Codes__c,793,a1u7x000003IyX7AAK,EMEA_ESMB_NORTH_NOR_NO_SB_05B
Postal_Codes__c,20251,a1u7x000003IzrNAAS,EMEA_ESMB_FRCEN_FR_1_04_GRB_LOA_TempCoverage_05A
Postal_Codes__c,62460,a1u7x000003J6V4AAK,EMEA_ESMB_FRCEN_FR_1_02_GRB_06A
Postal_Codes__c,83380,a1u7x000003J1rgAAC,EMEA_ESMB_FRCEN_FR_1_02_SB_03A
Postal_Codes__c,21850,a1u7x000003J2M9AAK,EMEA_FRANCE_MMR_CATCHALL_GB_RG
Postal_Codes__c,PE2,a1u7x000003J2uEAAS,NP_EMEA_NGO_UKI_MM_02
Postal_Codes__c,59238,a1u7x000003J4xbAAC,EMEA_ESMB_FRCEN_FR_1_01_SB_02A
Postal_Codes__c,77880,a1u7x000003J2XgAAK,EMEA_ESMB_FRCEN_FR_2_06_SB_01B
Postal_Codes__c,76710,a1u7x000003IyBfAAK,EMEA_ESMB_FRCEN_FR_1_01_SB_04A
Postal_Codes__c,PE20,a1u7x000003J3K8AAK,EMEA_ESMB_UKI_UK_SB_02_TempCoverage_06
Postal_Codes__c,290,a1u7x000003J86zAAC,EMEA_ESMB_FRCEN_CEN_CHAT_01_CH_GRB_RCG_07B
Postal_Codes__c,44460,a1u7x000003J6V3AAK,EMEA_ESMB_FRCEN_FR_1_02_GRB_TempCoverage_08A
Postal_Codes__c,6778,a1u7x000003J47uAAC,EMEA_ESMB_SOUTH_IL_01_GRB_05A
Postal_Codes__c,WF8,a1u7x000003J6ZYAA0,NP_EMEA_NGO_UKI_MM_01
Postal_Codes__c,25006,a1u7x000003J4GZAA0,EMEA_ESMB_SOUTH_IB_01_ES_SB_2B
Postal_Codes__c,36110,a1u7x000003J2kNAAS,EMEA_ESMB_FRCEN_FR_1_03_GRB_05A
Postal_Codes__c,554,a1u7x000003J1QCAA0,EMEA_ESMB_NORTH_NOR_NO_SB_03B
Postal_Codes__c,83036,a1u7x000003J2pnAAC,EMEA_ESMB_SOUTH_IT_01_GRB_05A
Postal_Codes__c,93210,a1u7x000003J7M0AAK,EMEA_ESMB_FRCEN_FR_2_06_SB_05A
Postal_Codes__c,89270,a1u7x000003J4ntAAC,EMEA_ESMB_FRCEN_FR_1_03_GRB_06A
Postal_Codes__c,639,a1u7x000003J871AAC,EMEA_ESMB_FRCEN_CEN_CHAT_01_CH_GRB_RCG_07A
Postal_Codes__c,73500,a1u7x000003J7KvAAK,EMEA_ESMB_FRCEN_FR_1_02_SB_01
Postal_Codes__c,35124,a1u7x000003J3QQAA0,EMEA_ESMB_SOUTH_IT_02_SB_TempCoverage_01A
Postal_Codes__c,10132,a1u7x000003J37HAAS,EMEA_ESMB_SOUTH_IT_01_SB_TempCoverage_02A
Postal_Codes__c,23740,a1u7x000003J68PAAS,EMEA_ESMB_SOUTH_IB_03_ES_RET_TTH_GRB_3A
Postal_Codes__c,848,a1u7x000003J4pQAAS,EMEA_NORTH_BELUX_CMRCL_MM_MAE_01
Postal_Codes__c,78320,a1u7x000003J4uGAAS,EMEA_ESMB_FRCEN_FR_1_03_SB_TempCoverage_02B
Postal_Codes__c,3525,a1u7x000003J433AAC,EMEA_ESMB_SOUTH_IB_03_PT_GRB_6A
Postal_Codes__c,7624,a1u7x000003J3AGAA0,EMEA_ESMB_SOUTH_IL_03_SB_TempCoverage_02
Postal_Codes__c,137,a1u7x000003J7fVAAS,EMEA_ESMB_NORTH_NOR_FI_SB_05A
Postal_Codes__c,76860,a1u7x000003J2cYAAS,EMEA_ESMB_FRCEN_FR_2_05_SB_03A
Postal_Codes__c,9414,a1u7x000003J5LRAA0,EMEA_ESMB_SOUTH_IL_03_GRB_05C
Postal_Codes__c,54140,a1u7x000003J6V4AAK,EMEA_ESMB_FRCEN_FR_1_02_GRB_06A
Postal_Codes__c,76860,a1u7x000003J3KSAA0,EMEA_ESMB_FRCEN_FR_1_04_SB_04A
Postal_Codes__c,5560,a1u7x000003J2KeAAK,EMEA_ESMB_SOUTH_IL_02_SB_04
Postal_Codes__c,HP1,a1u7x000003J5QzAAK,EMEA_ESMB_UKI_UK_GRB_FINS_06
Postal_Codes__c,503,a1u7x000003IvZRAA0,EMEA_ESMB_NORTH_BELUX_GRB_FR_04A
Postal_Codes__c,13220,a1u7x000003J2kNAAS,EMEA_ESMB_FRCEN_FR_1_03_GRB_05A
Postal_Codes__c,38410,a1u7x000003J5onAAC,EMEA_ESMB_SOUTH_IB_02_ES_GRB_6B
Postal_Codes__c,57370,a1u7x000003J2M9AAK,EMEA_FRANCE_MMR_CATCHALL_GB_RG
Postal_Codes__c,7420,a1u7x000003J239AAC,EMEA_ESMB_SOUTH_IL_02_GRB_06B
Postal_Codes__c,7634,a1u7x000003J3AGAA0,EMEA_ESMB_SOUTH_IL_03_SB_TempCoverage_02
Postal_Codes__c,DA13,a1u7x000003J68FAAS,EMEA_ESMB_UKI_UK_SB_FINS_08
Postal_Codes__c,78310,a1u7x000003J7PYAA0,EMEA_ESMB_FRCEN_FR_1_04_SB_01B
Postal_Codes__c,41160,a1u7x000003J7niAAC,EMEA_ESMB_FRCEN_FR_2_06_GRB_06A
Postal_Codes__c,83220,a1u7x000003J1nWAAS,EMEA_ESMB_FRCEN_FR_2_06_GRB_08A
Postal_Codes__c,906,a1u7x000003J3tlAAC,EMEA_ESMB_NORTH_NOR_SE_SB_09B
Postal_Codes__c,24430,a1u7x000003J2hEAAS,EMEA_ESMB_FRCEN_FR_1_03_GRB_07A
Postal_Codes__c,77330,a1u7x000003J4uGAAS,EMEA_ESMB_FRCEN_FR_1_03_SB_TempCoverage_02B
Postal_Codes__c,30001,a1u7x000003J68PAAS,EMEA_ESMB_SOUTH_IB_03_ES_RET_TTH_GRB_3A
Postal_Codes__c,72540,a1u7x000003J7fYAAS,EMEA_ESMB_FRCEN_FR_2_05_SB_02A
Postal_Codes__c,15700,a1u7x000003J4ntAAC,EMEA_ESMB_FRCEN_FR_1_03_GRB_06A
Postal_Codes__c,25132,a1u7x000003J37HAAS,EMEA_ESMB_SOUTH_IT_01_SB_TempCoverage_02A
Postal_Codes__c,3007,a1u7x000003J47vAAC,EMEA_ESMB_SOUTH_IL_01_GRB_05C
Postal_Codes__c,35540,a1u7x000003J6V3AAK,EMEA_ESMB_FRCEN_FR_1_02_GRB_TempCoverage_08A
Postal_Codes__c,82230,a1u7x000003IzrNAAS,EMEA_ESMB_FRCEN_FR_1_04_GRB_LOA_TempCoverage_05A
Postal_Codes__c,369,a1u7x000003Iz5rAAC,EMEA_CENTRAL_DEAT_REG_AT_CMRCL_GB_05A
Postal_Codes__c,361,a1u7x000003Iz5nAAC,EMEA_CENTRAL_DEAT_REG_AT_CMRCL_MM_05B
Postal_Codes__c,63950,a1u7x000003J4ntAAC,EMEA_ESMB_FRCEN_FR_1_03_GRB_06A
Postal_Codes__c,70020,a1u7x000003J2j9AAC,EMEA_ESMB_SOUTH_IT_03_GRB_05A
Postal_Codes__c,57340,a1u7x000003J4xbAAC,EMEA_ESMB_FRCEN_FR_1_01_SB_02A
Postal_Codes__c,27170,a1u7x000003IzrOAAS,EMEA_ESMB_FRCEN_FR_1_04_GRB_06A
Postal_Codes__c,84051,a1u7x000003J2j9AAC,EMEA_ESMB_SOUTH_IT_03_GRB_05A
Postal_Codes__c,880,a1u7x000003IymgAAC,EMEA_ESMB_NORTH_NOR_NO_GRB_02B
Postal_Codes__c,91130,a1u7x000003IzGtAAK,EMEA_ESMB_FRCEN_FR_1_02_GRB_07B
Postal_Codes__c,38080,a1u7x000003J37GAAS,EMEA_ESMB_SOUTH_IT_01_SB_01A
Postal_Codes__c,28240,a1u7x000003J68PAAS,EMEA_ESMB_SOUTH_IB_03_ES_RET_TTH_GRB_3A
Postal_Codes__c,32430,a1u7x000003IzGuAAK,EMEA_ESMB_FRCEN_FR_1_02_GRB_07A
Postal_Codes__c,7570,a1u7x000003J5XJAA0,EMEA_ESMB_SOUTH_IB_03_PT_GRB_7B
Postal_Codes__c,29890,a1u7x000003J2hEAAS,EMEA_ESMB_FRCEN_FR_1_03_GRB_07A
Postal_Codes__c,BA2,a1u7x000003J5BzAAK,EMEA_ESMB_UKI_UK_SB_FINS_01
Postal_Codes__c,13013,a1u7x000003J2kNAAS,EMEA_ESMB_FRCEN_FR_1_03_GRB_05A
Postal_Codes__c,31670,a1u7x000003IzrNAAS,EMEA_ESMB_FRCEN_FR_1_04_GRB_LOA_TempCoverage_05A
Postal_Codes__c,69670,a1u7x000003IzrNAAS,EMEA_ESMB_FRCEN_FR_1_04_GRB_LOA_TempCoverage_05A
Postal_Codes__c,21013,a1u7x000003J1gGAAS,EMEA_ESMB_SOUTH_IT_02_GRB_07
Postal_Codes__c,38420,a1u7x000003J4ntAAC,EMEA_ESMB_FRCEN_FR_1_03_GRB_06A
Postal_Codes__c,DA10,a1u7x000003J2PpAAK,EMEA_ESMB_UKI_UK_GRB_FINS_07
Postal_Codes__c,38013,a1u7x000003J3QPAA0,EMEA_ESMB_SOUTH_IT_02_GRB_04
Postal_Codes__c,291,a1u7x000003Iz5nAAC,EMEA_CENTRAL_DEAT_REG_AT_CMRCL_MM_05B
Postal_Codes__c,68330,a1u7x000003J2M9AAK,EMEA_FRANCE_MMR_CATCHALL_GB_RG
Postal_Codes__c,35460,a1u7x000003J2hEAAS,EMEA_ESMB_FRCEN_FR_1_03_GRB_07A
Postal_Codes__c,169,a1u7x000003J874AAC,EMEA_ESMB_FRCEN_CEN_CHAT_01_CH_SB_RCG_07D
Postal_Codes__c,21910,a1u7x000003J7KvAAK,EMEA_ESMB_FRCEN_FR_1_02_SB_01
Postal_Codes__c,66400,a1u7x000003J2FjAAK,EMEA_ESMB_FRCEN_FR_1_04_SB_03A
Postal_Codes__c,54320,a1u7x000003J4KsAAK,EMEA_ESMB_FRCEN_FR_2_06_SB_04A
Postal_Codes__c,59500,a1u7x000003J4uFAAS,EMEA_ESMB_FRCEN_FR_1_03_SB_TempCoverage_02A
Postal_Codes__c,26120,a1u7x000003J7KvAAK,EMEA_ESMB_FRCEN_FR_1_02_SB_01
Postal_Codes__c,24410,a1u7x000003J2hEAAS,EMEA_ESMB_FRCEN_FR_1_03_GRB_07A
Postal_Codes__c,1529,a1u7x000003J5jzAAC,EMEA_ESMB_SOUTH_IL_01_GRB_06C
Postal_Codes__c,43030,a1u7x000003J3QPAA0,EMEA_ESMB_SOUTH_IT_02_GRB_04
Postal_Codes__c,7953,a1u7x000003J236AAC,EMEA_ESMB_SOUTH_IL_02_GRB_06C
Postal_Codes__c,RG25,a1u7x000003J30cAAC,EMEA_ESMB_UKI_UK_SB_FINS_05
Postal_Codes__c,24125,a1u7x000003J1gGAAS,EMEA_ESMB_SOUTH_IT_02_GRB_07
Postal_Codes__c,74300,a1u7x000003J7PXAA0,EMEA_ESMB_FRCEN_FR_1_04_SB_01A
Postal_Codes__c,RH11,a1u7x000003J1GFAA0,EMEA_ESMB_UKI_UK_GRB3_TempCoverage_03A
Postal_Codes__c,84090,a1u7x000003J392AAC,EMEA_ESMB_SOUTH_IT_03_SB_04
Postal_Codes__c,26600,a1u7x000003J7PXAA0,EMEA_ESMB_FRCEN_FR_1_04_SB_01A
Postal_Codes__c,59295,a1u7x000003J4uFAAS,EMEA_ESMB_FRCEN_FR_1_03_SB_TempCoverage_02A
Postal_Codes__c,904,a1u7x000003J3tlAAC,EMEA_ESMB_NORTH_NOR_SE_SB_09B
Postal_Codes__c,41500,a1u7x000003J6V3AAK,EMEA_ESMB_FRCEN_FR_1_02_GRB_TempCoverage_08A
Postal_Codes__c,35520,a1u7x000003J1raAAC,EMEA_ESMB_SOUTH_IB_03_ES_RET_TTH_SB_1B
Postal_Codes__c,85520,a1u7x000003IzrOAAS,EMEA_ESMB_FRCEN_FR_1_04_GRB_06A
Postal_Codes__c,20128,a1u7x000003J5vJAAS,EMEA_ESMB_FRCEN_FR_2_05_SB_01A
Postal_Codes__c,35508,a1u7x000003J68PAAS,EMEA_ESMB_SOUTH_IB_03_ES_RET_TTH_GRB_3A
Postal_Codes__c,83119,a1u7x000003J4ntAAC,EMEA_ESMB_FRCEN_FR_1_03_GRB_06A
Postal_Codes__c,79600,a1u7x000003J2cYAAS,EMEA_ESMB_FRCEN_FR_2_05_SB_03A
Postal_Codes__c,29310,a1u7x000003J2hEAAS,EMEA_ESMB_FRCEN_FR_1_03_GRB_07A
Postal_Codes__c,42290,a1u7x000003J4EUAA0,EMEA_ESMB_FRCEN_FR_2_06_SB_03A
Postal_Codes__c,66560,a1u7x000003J4uIAAS,EMEA_ESMB_FRCEN_FR_1_03_SB_03A
Postal_Codes__c,47161,a1u7x000003J5onAAC,EMEA_ESMB_SOUTH_IB_02_ES_GRB_6B
Postal_Codes__c,39608,a1u7x000003J1raAAC,EMEA_ESMB_SOUTH_IB_03_ES_RET_TTH_SB_1B
Postal_Codes__c,87220,a1u7x000003J3KSAA0,EMEA_ESMB_FRCEN_FR_1_04_SB_04A
Postal_Codes__c,67220,a1u7x000003J2M9AAK,EMEA_FRANCE_MMR_CATCHALL_GB_RG
Postal_Codes__c,38311,a1u7x000003J1raAAC,EMEA_ESMB_SOUTH_IB_03_ES_RET_TTH_SB_1B
Postal_Codes__c,87420,a1u7x000003IyBfAAK,EMEA_ESMB_FRCEN_FR_1_01_SB_04A
Postal_Codes__c,44850,a1u7x000003J2kNAAS,EMEA_ESMB_FRCEN_FR_1_03_GRB_05A
Postal_Codes__c,942,a1u7x000003J1dRAAS,EMEA_ESMB_FRCEN_CEN_CHAT_01_CH_GRB_05B
Postal_Codes__c,58600,a1u7x000003J7KvAAK,EMEA_ESMB_FRCEN_FR_1_02_SB_01
Postal_Codes__c,4728,a1u7x000003J238AAC,EMEA_ESMB_SOUTH_IL_02_GRB_06A
Postal_Codes__c,95510,a1u7x000003J2mwAAC,EMEA_FRANCE_IND_CATCHALL_GB_ID
Postal_Codes__c,10170,a1u7x000003J2mHAAS,EMEA_ESMB_FRCEN_FR_1_04_SB_02
Postal_Codes__c,347,a1u7x000003J2u2AAC,EMEA_ESMB_NORTH_NOR_FI_GRB_01B
Postal_Codes__c,95128,a1u7x000003J1Q9AAK,EMEA_ESMB_SOUTH_IT_02_SB_03A
Postal_Codes__c,30012,a1u7x000003J0EBAA0,EMEA_ESMB_SOUTH_IB_01_ES_GRB_TempCoverage_7B
Postal_Codes__c,59233,a1u7x000003J4dbAAC,EMEA_ESMB_FRCEN_FR_1_01_GRB_TempCoverage_06A
Postal_Codes__c,40196,a1u7x000003J6IXAA0,EMEA_ESMB_SOUTH_IB_02_ES_SB_5A
Postal_Codes__c,40068,a1u7x000003J3DhAAK,EMEA_ESMB_SOUTH_IT_03_GRB_07
Postal_Codes__c,30650,a1u7x000003J1rgAAC,EMEA_ESMB_FRCEN_FR_1_02_SB_03A
Postal_Codes__c,43590,a1u7x000003J7KvAAK,EMEA_ESMB_FRCEN_FR_1_02_SB_01
Postal_Codes__c,246,a1u7x000003J4MiAAK,EMEA_ESMB_NORTH_NL_01_GRB_TempCoverage_02B
Postal_Codes__c,18327,a1u7x000003J5onAAC,EMEA_ESMB_SOUTH_IB_02_ES_GRB_6B
Postal_Codes__c,227,a1u7x000003IzgJAAS,EMEA_ESMB_NORTH_NOR_FI_GRB_02B
Postal_Codes__c,83990,a1u7x000003J4ntAAC,EMEA_ESMB_FRCEN_FR_1_03_GRB_06A
Postal_Codes__c,20060,a1u7x000003J7djAAC,EMEA_ESMB_SOUTH_IT_01_GRB_06A
Postal_Codes__c,654,a1u7x000003Iz28AAC,EMEA_CENTRAL_DEAT_REG_AT_CMRCL_MM_03B
Postal_Codes__c,13840,a1u7x000003J2kNAAS,EMEA_ESMB_FRCEN_FR_1_03_GRB_05A
Postal_Codes__c,52046,a1u7x000003J61hAAC,EMEA_ESMB_SOUTH_IT_01_SB_03A
Postal_Codes__c,49400,a1u7x000003J2hEAAS,EMEA_ESMB_FRCEN_FR_1_03_GRB_07A
Postal_Codes__c,30850,a1u7x000003J68PAAS,EMEA_ESMB_SOUTH_IB_03_ES_RET_TTH_GRB_3A
Postal_Codes__c,43038,a1u7x000003J21IAAS,EMEA_ESMB_SOUTH_IT_03_SB_TempCoverage_01A
Postal_Codes__c,20234,a1u7x000003J4ntAAC,EMEA_ESMB_FRCEN_FR_1_03_GRB_06A
Postal_Codes__c,68720,a1u7x000003J8LGAA0,EMEA_ESMB_FRCEN_FR_1_02_SB_04A
Postal_Codes__c,79400,a1u7x000003J2cYAAS,EMEA_ESMB_FRCEN_FR_2_05_SB_03A
Postal_Codes__c,64990,a1u7x000003J6hgAAC,EMEA_ESMB_FRCEN_FR_1_02_SB_05A
Postal_Codes__c,59700,a1u7x000003J4xbAAC,EMEA_ESMB_FRCEN_FR_1_01_SB_02A
Postal_Codes__c,25615,a1u7x000003J1reAAC,EMEA_ESMB_SOUTH_IB_03_ES_RET_TTH_GRB_TempCoverage_LOA_4B
Postal_Codes__c,77181,a1u7x000003J4xaAAC,EMEA_ESMB_FRCEN_FR_1_01_SB_TempCoverage_02B
Postal_Codes__c,47350,a1u7x000003J5onAAC,EMEA_ESMB_SOUTH_IB_02_ES_GRB_6B
Postal_Codes__c,43015,a1u7x000003J3QPAA0,EMEA_ESMB_SOUTH_IT_02_GRB_04
Postal_Codes__c,88300,a1u7x000003J8LGAA0,EMEA_ESMB_FRCEN_FR_1_02_SB_04A
Postal_Codes__c,77144,a1u7x000003J4uGAAS,EMEA_ESMB_FRCEN_FR_1_03_SB_TempCoverage_02B
Postal_Codes__c,20144,a1u7x000003J4uIAAS,EMEA_ESMB_FRCEN_FR_1_03_SB_03A
Postal_Codes__c,6912,a1u7x000003J0ELAA0,EMEA_ESMB_SOUTH_IL_03_GRB_06A
Postal_Codes__c,22470,a1u7x000003J7niAAC,EMEA_ESMB_FRCEN_FR_2_06_GRB_06A
Postal_Codes__c,2720,a1u7x000003J47vAAC,EMEA_ESMB_SOUTH_IL_01_GRB_05C
Postal_Codes__c,807,a1u7x000003J5YtAAK,EMEA_ESMB_FRCEN_CEN_CHAT_01_CH_SB_03A
Postal_Codes__c,29580,a1u7x000003J5onAAC,EMEA_ESMB_SOUTH_IB_02_ES_GRB_6B
Postal_Codes__c,875,a1u7x000003Iz5sAAC,EMEA_CENTRAL_DEAT_REG_AT_CMRCL_MM_05A
Postal_Codes__c,76550,a1u7x000003IyBfAAK,EMEA_ESMB_FRCEN_FR_1_01_SB_04A
Postal_Codes__c,62118,a1u7x000003J2M9AAK,EMEA_FRANCE_MMR_CATCHALL_GB_RG
Postal_Codes__c,13434,a1u7x000003J1raAAC,EMEA_ESMB_SOUTH_IB_03_ES_RET_TTH_SB_1B
Postal_Codes__c,62232,a1u7x000003IzrOAAS,EMEA_ESMB_FRCEN_FR_1_04_GRB_06A
Postal_Codes__c,54033,a1u7x000003J5WxAAK,EMEA_ESMB_SOUTH_IT_03_SB_03A
Postal_Codes__c,554,a1u7x000003J4NLAA0,EMEA_ESMB_NORTH_NOR_DK_SB_TempCoverage_04B
Postal_Codes__c,13620,a1u7x000003J1raAAC,EMEA_ESMB_SOUTH_IB_03_ES_RET_TTH_SB_1B
Postal_Codes__c,80131,a1u7x000003J3FBAA0,EMEA_ESMB_FRCEN_FR_2_05_GRB_07A
Postal_Codes__c,178,a1u7x000003J3NNAA0,EMEA_ESMB_NORTH_BELUX_GRB_FL_02A
Postal_Codes__c,TQ8,a1u7x000003J1ezAAC,EMEA_ESMB_UKI_UK_GRB1_04_LOA_TempCoverage_05
Postal_Codes__c,98812,a1u7x000003J5vJAAS,EMEA_ESMB_FRCEN_FR_2_05_SB_01A
Postal_Codes__c,39110,a1u7x000003J4g9AAC,EMEA_ESMB_FRCEN_FR_1_03_SB_01A
Postal_Codes__c,86120,a1u7x000003J6hgAAC,EMEA_ESMB_FRCEN_FR_1_02_SB_05A
Postal_Codes__c,380,a1u7x000003Iz5nAAC,EMEA_CENTRAL_DEAT_REG_AT_CMRCL_MM_05B
Postal_Codes__c,35540,a1u7x000003J2kNAAS,EMEA_ESMB_FRCEN_FR_1_03_GRB_05A
Postal_Codes__c,35270,a1u7x000003J2kNAAS,EMEA_ESMB_FRCEN_FR_1_03_GRB_05A
Postal_Codes__c,961,a1u7x000003IzgJAAS,EMEA_ESMB_NORTH_NOR_FI_GRB_02B
Postal_Codes__c,67960,a1u7x000003J4KsAAK,EMEA_ESMB_FRCEN_FR_2_06_SB_04A
Postal_Codes__c,25170,a1u7x000003J4GZAA0,EMEA_ESMB_SOUTH_IB_01_ES_SB_2B
Postal_Codes__c,45221,a1u7x000003J68PAAS,EMEA_ESMB_SOUTH_IB_03_ES_RET_TTH_GRB_3A
Postal_Codes__c,38297,a1u7x000003J68PAAS,EMEA_ESMB_SOUTH_IB_03_ES_RET_TTH_GRB_3A
Postal_Codes__c,73250,a1u7x000003J2kNAAS,EMEA_ESMB_FRCEN_FR_1_03_GRB_05A
Postal_Codes__c,76950,a1u7x000003J3KSAA0,EMEA_ESMB_FRCEN_FR_1_04_SB_04A
Postal_Codes__c,85038,a1u7x000003J2pnAAC,EMEA_ESMB_SOUTH_IT_01_GRB_05A
Postal_Codes__c,38114,a1u7x000003J2kNAAS,EMEA_ESMB_FRCEN_FR_1_03_GRB_05A
Postal_Codes__c,61470,a1u7x000003IzrOAAS,EMEA_ESMB_FRCEN_FR_1_04_GRB_06A
Postal_Codes__c,PA2,a1u7x000003J5BzAAK,EMEA_ESMB_UKI_UK_SB_FINS_01
Postal_Codes__c,67059,a1u7x000003J3s3AAC,EMEA_ESMB_SOUTH_IT_02_GRB_06A
Postal_Codes__c,62940,a1u7x000003J2M9AAK,EMEA_FRANCE_MMR_CATCHALL_GB_RG
Postal_Codes__c,HP3,a1u7x000003J5QzAAK,EMEA_ESMB_UKI_UK_GRB_FINS_06
Postal_Codes__c,GL17,a1u7x000003J1exAAC,EMEA_ESMB_UKI_UK_GRB1_04_LOA_TempCoverage_01B
Postal_Codes__c,PA12,a1u7x000003IymZAAS,EMEA_ESMB_UKI_UK_SB_01_01
Postal_Codes__c,45590,a1u7x000003J2mwAAC,EMEA_FRANCE_IND_CATCHALL_GB_ID
Postal_Codes__c,35430,a1u7x000003J3KSAA0,EMEA_ESMB_FRCEN_FR_1_04_SB_04A
Postal_Codes__c,39800,a1u7x000003J4g9AAC,EMEA_ESMB_FRCEN_FR_1_03_SB_01A
Postal_Codes__c,75002,a1u7x000003J3KTAA0,EMEA_ESMB_FRCEN_FR_1_04_SB_LOA_TempCoverage_04B
Postal_Codes__c,31340,a1u7x000003J1nWAAS,EMEA_ESMB_FRCEN_FR_2_06_GRB_08A
Postal_Codes__c,59170,a1u7x000003J2kNAAS,EMEA_ESMB_FRCEN_FR_1_03_GRB_05A
Postal_Codes__c,45760,a1u7x000003J2mwAAC,EMEA_FRANCE_IND_CATCHALL_GB_ID
Postal_Codes__c,67450,a1u7x000003J2kNAAS,EMEA_ESMB_FRCEN_FR_1_03_GRB_05A
Postal_Codes__c,17450,a1u7x000003J2kNAAS,EMEA_ESMB_FRCEN_FR_1_03_GRB_05A
Postal_Codes__c,52500,a1u7x000003J2kNAAS,EMEA_ESMB_FRCEN_FR_1_03_GRB_05A
Postal_Codes__c,972,a1u7x000003J3EVAA0,EMEA_CENTRAL_DEAT_REG_AT_CMRCL_GB_01
Postal_Codes__c,59181,a1u7x000003J2mHAAS,EMEA_ESMB_FRCEN_FR_1_04_SB_02
Postal_Codes__c,DY11,a1u7x000003J1YmAAK,EMEA_ESMB_UKI_UK_GRB1_05_03
Postal_Codes__c,20236,a1u7x000003J1rgAAC,EMEA_ESMB_FRCEN_FR_1_02_SB_03A
Postal_Codes__c,27660,a1u7x000003J2hEAAS,EMEA_ESMB_FRCEN_FR_1_03_GRB_07A
Postal_Codes__c,60122,a1u7x000003J2pnAAC,EMEA_ESMB_SOUTH_IT_01_GRB_05A
